"","Salary","Born","City","Cntry","Nat","Ht","Wt","DftYr","DftRd","Ovrl","Hand","Last.Name","First.Name","Position","Team","GP","G","A","A1","A2","PTS","Nat_Group"
"1",925000,"97-01-30","Sainte-Marie","CAN","CAN",74,190,2015,1,18,"L","Chabot","Thomas","D","OTT",1,0,0,0,0,0,"CAN"
"2",2250000,"93-12-21","Ottawa","CAN","CAN",74,207,2012,1,15,"R","Ceci","Cody","D","OTT",79,2,15,6,9,17,"CAN"
"3",8e+06,"88-04-16","St. Paul","USA","USA",72,218,2006,1,7,"R","Okposo","Kyle","RW","BUF",65,19,26,13,13,45,"USA"
"4",3500000,"92-01-07","Ottawa","CAN","CAN",77,220,2010,1,3,"R","Gudbranson","Erik","D","VAN",30,1,5,5,0,6,"CAN"
"5",1750000,"94-03-29","Toronto","CAN","CAN",76,217,2012,1,16,"R","Wilson","Tom","RW","WSH",82,7,12,4,8,19,"CAN"
"6",1500000,"79-05-23","Strathroy","CAN","CAN",70,192,1997,6,156,"L","Campbell","Brian","D","CHI",80,5,12,6,6,17,"CAN"
"7",950000,"90-11-21","Stockholm","SWE","SWE",71,185,2009,2,53,"L","Rodin","Anton","RW","VAN",3,0,1,0,1,1,"Others"
"9",1250000,"92-06-14","Scarborough","CAN","CAN",72,214,2010,2,42,"R","Smith-Pelly","Devante","RW/C/LW","N.J",53,4,5,2,3,9,"CAN"
"10",925000,"93-04-27","Petawawa","CAN","CAN",68,178,2011,7,201,"L","Peca","Matthew","C","T.B",10,1,1,1,0,2,"CAN"
"12",6e+05,"92-04-09","Ile Bizard","CAN","CAN",74,204,2010,3,89,"L","Chaput","Michael","C","VAN",68,4,5,2,3,9,"CAN"
"13",1e+06,"88-03-17","Brandon","CAN","CAN",72,200,2006,3,66,"R","White","Ryan","C","ARI/MIN",65,9,7,4,3,16,"CAN"
"14",925000,"96-06-20","Holland Landing","CAN","CAN",73,186,2014,1,4,"L","Bennett","Sam","C","CGY",81,13,13,7,6,26,"CAN"
"15",950000,"89-04-20","Red Deer","CAN","CAN",72,195,2007,4,112,"R","Sceviour","Colton","C/RW","FLA",80,9,15,9,6,24,"CAN"
"16",680000,"94-01-06","Edmonton","CAN","CAN",74,187,2012,4,105,"L","Kulak","Brett","D","CGY",21,0,3,2,1,3,"CAN"
"17",590000,"92-04-24","Oakville","CAN","CAN",71,183,2011,7,209,"L","Wilson","Scott","LW/C","PIT",78,8,18,11,7,26,"CAN"
"18",650000,"91-05-13","St. Catharines","CAN","CAN",74,203,2009,3,70,"R","Beck","Taylor","LW","EDM/NYR",5,0,0,0,0,0,"CAN"
"19",2250000,"86-04-28","Ostrava","CZE","CZE",74,235,2004,6,180,"R","Polak","Roman","D","TOR",75,4,7,2,5,11,"Others"
"20",6e+05,"90-10-08","Faribault","USA","USA",76,210,2009,4,114,"L","Helgeson","Seth","D","N.J",9,1,0,0,0,1,"USA"
"21",5e+06,"94-03-09","Vancouver","CAN","CAN",73,215,2012,1,5,"L","Rielly","Morgan","D","TOR",76,6,21,14,7,27,"CAN"
"22",5250000,"92-06-25","Wilcox","CAN","CAN",70,188,2010,1,14,"L","Schwartz","Jaden","LW/C","STL",78,19,36,24,12,55,"CAN"
"23",925000,"96-05-01","Calgary","CAN","SWE",72,190,2014,1,8,"R","Nylander","William","C/RW","TOR",81,22,39,23,16,61,"Others"
"25",717500,"96-11-26","Colorado Springs","USA","USA",77,203,2015,2,37,"R","Carlo","Brandon","D","BOS",82,6,10,3,7,16,"USA"
"26",925000,"96-05-25","Havirov","CZE","CZE",72,181,2014,1,25,"R","Pastrnak","David","RW/LW","BOS",75,34,36,22,14,70,"Others"
"27",9e+05,"98-03-14","St. Albert","CAN","CAN",71,191,2016,1,10,"L","Jost","Tyson","C/LW/RW","COL",6,1,0,0,0,1,"CAN"
"28",3750000,"88-05-28","Sherbrooke","CAN","CAN",72,200,2007,1,26,"R","Perron","David","LW/RW","STL",82,18,28,16,12,46,"CAN"
"29",792500,"94-03-23","Boden","SWE","SWE",75,209,2012,3,81,"R","Sundqvist","Oskar","C","PIT",10,0,0,0,0,0,"Others"
"31",6e+06,"91-08-22","Saskatoon","CAN","CAN",73,195,2009,1,5,"L","Schenn","Brayden","C/LW","PHI",79,25,30,17,13,55,"CAN"
"32",5500000,"92-03-20","South St.Paul","USA","USA",72,215,2010,2,37,"R","Faulk","Justin","D","CAR",75,17,20,11,9,37,"USA"
"33",724500,"92-10-26","Toronto","CAN","CAN",72,192,2011,3,65,"L","Cramarossa","Joseph","C/LW","ANA/VAN",59,4,6,3,3,10,"CAN"
"35",4e+06,"90-06-05","Prague","CZE","CZE",72,204,2010,3,66,"R","Gudas","Radko","D","PHI",67,6,17,10,7,23,"Others"
"36",8e+05,"90-09-23","Rimouski","CAN","CAN",70,206,2009,5,132,"L","Bourque","Gabriel","LW/RW","COL",6,0,0,0,0,0,"CAN"
"37",4250000,"90-06-01","Bern","CHE","CHE",73,201,2008,2,38,"L","Josi","Roman","D","NSH",72,12,37,20,17,49,"Others"
"38",742500,"94-05-01","Denver","USA","USA",74,205,2012,4,120,"L","Slavin","Jaccob","D","CAR",82,5,29,14,15,34,"USA"
"39",750000,"90-06-20","Sterling Heights","USA","USA",75,221,2008,5,128,"R","Pateryn","Greg","D","DAL/MTL",36,1,8,1,7,9,"USA"
"40",4500000,"86-08-01","Tibro","SWE","SWE",71,190,2005,7,216,"R","Stralman","Anton","D","T.B",73,5,17,8,9,22,"Others"
"41",3e+06,"92-11-12","Skellefteë","SWE","SWE",75,215,2011,1,4,"R","Larsson","Adam","D","EDM",79,4,15,3,12,19,"Others"
"42",630000,"90-05-27","Huntsville","USA","USA",74,196,2009,7,198,"R","Dowd","Nic","C","L.A",70,6,16,10,6,22,"USA"
"45",1300000,"89-04-27","Ottawa","CAN","CAN",69,160,2007,6,179,"L","Byron","Paul","LW/C/RW","MTL",81,22,21,15,6,43,"CAN"
"46",925000,"94-09-22","Stockholm","SWE","SWE",74,196,2013,1,14,"L","Wennberg","Alex","C","CBJ",80,13,46,27,19,59,"Others"
"47",7e+05,"88-02-16","Munich","DEU","DEU",75,215,2006,4,111,"R","Holzer","Korbinian","D","ANA",32,2,5,2,3,7,"Others"
"48",1200000,"92-02-18","Kosice","SVK","SVK",76,210,2010,2,46,"L","Marincin","Martin","D","TOR",25,1,6,2,4,7,"Others"
"49",925000,"97-01-13","Yaroslavl","RUS","RUS",73,201,2015,1,7,"L","Provorov","Ivan","D","PHI",82,6,24,15,9,30,"Others"
"50",925000,"97-06-23","Mt. Brydges","CAN","CAN",76,220,2015,1,11,"L","Crouse","Lawson","LW","ARI",72,5,7,5,2,12,"CAN"
"51",6e+06,"88-09-10","Thunder Bay","CAN","CAN",76,220,2006,1,2,"L","Staal","Jordan","C/LW","CAR",75,16,29,11,18,45,"CAN"
"52",950000,"83-10-19","Unity","CAN","CAN",72,200,2002,1,17,"R","Gordon","Boyd","C/RW","PHI",13,1,0,0,0,1,"CAN"
"53",2500000,"94-12-02","Boden","SWE","SWE",73,192,2013,1,5,"R","Lindholm","Elias","C/RW","CAR",72,11,34,29,5,45,"Others"
"54",1050000,"91-03-23","Pori","FIN","FIN",72,193,2009,7,182,"L","Haula","Erik","C/LW","MIN",72,15,11,7,4,26,"Others"
"55",792500,"95-03-14","Molnlycke","SWE","SWE",72,201,2013,6,180,"L","Blidh","Anton","LW","BOS",19,1,1,1,0,2,"Others"
"57",4750000,"85-10-12","Malm_","SWE","SWE",75,210,2004,2,49,"L","Soderberg","Carl","C/LW","COL",80,6,8,4,4,14,"Others"
"58",925000,"93-02-10","Edmonton","CAN","CAN",74,194,2011,4,92,"L","Simpson","Dillon","D","EDM",3,0,0,0,0,0,"CAN"
"59",6e+06,"90-09-20","Mississauga","CAN","CAN",73,211,2009,1,1,"L","Tavares","John","C","NYI",77,28,38,21,17,66,"CAN"
"60",925000,"98-03-02","Calgary","CAN","CAN",73,180,2016,1,8,"R","Nylander","Alex","RW/LW","BUF",4,0,1,1,0,1,"CAN"
"61",767500,"95-04-16","Cornwall","CAN","CAN",73,210,2013,2,40,"L","Elie","Remi","LW","DAL",18,1,6,2,4,7,"CAN"
"62",3500000,"89-06-05","Riverside","USA","USA",68,182,2008,6,157,"R","Atkinson","Cam","RW","CBJ",82,35,27,18,9,62,"USA"
"63",4500000,"91-03-20","Eden Prairie","USA","USA",72,199,2009,1,16,"L","Leddy","Nick","D","NYI",81,11,35,17,18,46,"USA"
"64",750000,"83-02-02","Churchill","CAN","CAN",69,195,2001,4,98,"R","Tootoo","Jordin","RW","CHI",50,2,1,0,1,3,"CAN"
"65",3100000,"87-05-02","Caroline","CAN","CAN",70,170,2005,3,67,"L","Russell","Kris","D","EDM",68,1,12,2,10,13,"CAN"
"66",2350000,"94-07-25","Regina","CAN","CAN",72,183,2012,1,7,"R","Dumba","Matt","D","MIN",76,11,23,10,13,34,"CAN"
"68",7e+05,"87-05-19","Madison","USA","USA",73,216,2005,1,7,"R","Skille","Jack","RW","VAN",55,5,4,4,0,9,"USA"
"71",650000,"96-05-27","Saskatoon","CAN","CAN",74,191,2014,4,101,"R","Nogier","Nelson","D","WPG",10,0,0,0,0,0,"CAN"
"72",2600000,"91-07-27","Laval","CAN","CAN",76,218,2009,1,30,"L","Despres","Simon","D","ANA",1,0,0,0,0,0,"CAN"
"73",667500,"95-12-12","Brooklyn","USA","USA",71,185,2014,6,171,"R","Labanc","Kevin","RW","S.J",55,8,12,10,2,20,"USA"
"75",2100000,"89-07-05","Meadow Lake","CAN","CAN",76,229,2007,4,109,"L","King","Dwight","LW/RW","L.A/MTL",80,9,7,4,3,16,"CAN"
"76",7e+06,"87-12-09","Ann Arbor","USA","USA",75,204,2006,2,45,"R","Petry","Jeff","D","MTL",80,8,20,11,9,28,"USA"
"77",667500,"94-02-07","Pittsburgh","USA","USA",72,193,2012,6,167,"R","Barber","Riley","RW","WSH",3,0,0,0,0,0,"USA"
"78",5e+06,"87-09-03","Whitby","CAN","CAN",74,221,2005,2,33,"L","Neal","James","RW/LW","NSH",70,23,18,14,4,41,"CAN"
"79",3900000,"87-07-26","Rochester Hills","USA","USA",73,212,2007,4,95,"L","Martinez","Alec","D","L.A",82,9,30,13,17,39,"USA"
"80",625000,"92-07-25","Brandon","CAN","CAN",72,202,2012,2,58,"L","Martinook","Jordan","LW/C","ARI",77,11,14,10,4,25,"CAN"
"81",2750000,"90-12-01","Ilava","SVK","SVK",70,185,2009,2,60,"L","Tatar","Tomas","LW/C/RW","DET",82,25,21,12,9,46,"Others"
"82",3400000,"92-05-19","Chelyabinsk","RUS","RUS",74,192,2010,1,26,"L","Kuznetsov","Evgeny","C/LW","WSH",82,19,40,23,17,59,"Others"
"83",842500,"96-04-16","Edmonton","CAN","CAN",73,195,2014,1,30,"L","Quenneville","John","C","N.J",12,1,3,2,1,4,"CAN"
"84",5500000,"80-09-26","San Francisco","USA","USA",75,219,2000,1,18,"L","Orpik","Brooks","D","WSH",79,0,14,6,8,14,"USA"
"86",5500000,"87-02-25","Muskegon","USA","USA",74,218,2005,2,42,"L","Abdelkader","Justin","LW/RW","DET",64,7,14,9,5,21,"USA"
"88",5750000,"88-05-24","Yaroslavl","RUS","RUS",76,198,2006,2,54,"L","Anisimov","Artem","C/LW","CHI",64,22,23,12,11,45,"Others"
"89",715000,"93-09-08","Lansing","USA","USA",70,195,2011,4,99,"L","Boucher","Reid","C/LW","N.J/NSH/VAN",39,6,4,3,1,10,"USA"
"90",925000,"98-03-31","Boca Raton","USA","USA",75,200,2016,1,16,"L","Chychrun","Jakob","D","ARI",68,7,13,5,8,20,"USA"
"91",3250000,"85-02-19","Port McNeill","CAN","CAN",76,216,2004,3,79,"L","Stoner","Clayton","D","ANA",14,1,2,1,1,3,"CAN"
"92",925000,"96-02-07","Windsor","CAN","CAN",76,216,2014,1,1,"R","Ekblad","Aaron","D","FLA",68,10,11,4,7,21,"CAN"
"93",825000,"91-10-07","Hinsdale","USA","CAN",75,215,2011,6,160,"R","Manson","Josh","D","ANA",82,5,12,4,8,17,"CAN"
"94",3575000,"89-03-17","Vasteras","SWE","SWE",73,199,2007,1,24,"L","Backlund","Mikael","C","CGY",81,22,31,21,10,53,"Others"
"95",6e+05,"92-02-25","Orland Park","USA","USA",68,165,2011,3,66,"R","Tynan","T.J.","C/RW","CBJ",3,0,0,0,0,0,"USA"
"96",5850000,"86-04-29","Anchorage","USA","USA",74,218,2004,2,60,"L","Dubinsky","Brandon","C/LW","CBJ",80,12,29,21,8,41,"USA"
"97",750000,"92-03-09","Wheaton","USA","USA",72,187,2011,7,204,"L","Dzingel","Ryan","LW/RW/C","OTT",81,14,18,13,5,32,"USA"
"99",660000,"95-09-24","Winnipeg","CAN","CAN",76,213,2014,3,73,"R","Lernout","Brett","D","MTL",2,0,0,0,0,0,"CAN"
"100",3e+06,"88-01-05","Drummondville","CAN","CAN",70,188,2006,6,177,"L","Perreault","Mathieu","C/LW","WPG",65,13,32,18,14,45,"CAN"
"101",2500000,"86-12-20","Kindersley","CAN","CAN",72,192,2006,7,189,"R","Dorsett","Derek","RW","VAN",14,1,3,2,1,4,"CAN"
"102",8e+05,"90-09-12","Burnaby","CAN","CAN",77,202,2008,2,42,"L","Wiercioch","Patrick","D","COL",57,4,8,3,5,12,"CAN"
"103",925000,"96-02-23","Madison","USA","USA",72,177,2014,1,20,"R","Schmaltz","Nick","C/LW","CHI",61,6,22,16,6,28,"USA"
"104",13800000,"88-11-19","Buffalo","USA","USA",71,177,2007,1,1,"L","Kane","Patrick","RW/C","CHI",82,34,55,36,19,89,"USA"
"105",3500000,"91-04-01","Toronto","CAN","CAN",72,185,2009,3,69,"L","Smith","Reilly","RW/C/LW","FLA",80,15,22,9,13,37,"CAN"
"106",7e+06,"85-01-01","London","CAN","CAN",75,217,2003,1,11,"R","Carter","Jeff","C/RW","L.A",82,32,34,22,12,66,"CAN"
"107",6e+06,"84-07-11","Plover","USA","USA",71,190,2003,7,205,"R","Pavelski","Joe","C/RW","S.J",81,29,39,23,16,68,"USA"
"108",925000,"97-12-11","Scottsdale","USA","USA",74,202,2016,1,6,"L","Tkachuk","Matthew","LW","CGY",76,13,35,25,10,48,"USA"
"109",727500,"95-05-15","St. Petersburg","RUS","RUS",73,224,2013,2,37,"R","Zykov","Valentin","LW","CAR",2,1,0,0,0,1,"Others"
"110",2500000,"83-02-04","West Seneca","USA","USA",71,195,2003,5,148,"R","Stempniak","Lee","RW","CAR",82,16,24,13,11,40,"USA"
"111",1e+06,"89-11-02","Saskatoon","CAN","CAN",74,229,2008,1,5,"R","Schenn","Luke","D","ARI",78,1,7,2,5,8,"CAN"
"112",7e+05,"89-07-25","Toronto","CAN","CAN",76,225,2007,6,172,"L","Gazdic","Luke","LW","N.J",11,0,0,0,0,0,"CAN"
"115",925000,"97-09-17","Scottsdale","USA","USA",75,216,2016,1,1,"L","Matthews","Auston","C","TOR",82,40,29,20,9,69,"USA"
"116",7450000,"89-12-08","London","CAN","CAN",73,195,2008,1,2,"R","Doughty","Drew","D","L.A",82,12,32,16,16,44,"CAN"
"117",5400000,"94-10-27","Turku","FIN","FIN",76,203,2013,1,8,"R","Ristolainen","Rasmus","D","BUF",79,6,39,17,22,45,"Others"
"118",750000,"95-03-22","Delta","CAN","CAN",69,179,2013,2,43,"L","Petan","Nic","LW/C","WPG",54,1,12,8,4,13,"CAN"
"119",575000,"92-10-14","St. Louis","USA","USA",76,224,2011,2,34,"R","Mayfield","Scott","D","NYI",25,2,7,3,4,9,"USA"
"120",925000,"96-05-10","Syracuse","USA","USA",76,222,2014,1,18,"R","Tuch","Alex","RW","MIN",6,0,0,0,0,0,"USA"
"121",925000,"93-07-13","Chicago","USA","USA",74,193,2011,4,98,"L","Reilly","Mike","D","MIN",17,1,0,0,0,1,"USA"
"125",725000,"87-03-15","Moorhead","USA","USA",74,190,2005,4,97,"L","VandeVelde","Chris","C/LW","PHI",81,6,9,3,6,15,"USA"
"126",3e+06,"90-05-24","Borlange","SWE","SWE",76,215,2009,4,102,"L","Ekholm","Mattias","D","NSH",82,3,20,6,14,23,"Others"
"128",3e+06,"86-10-12","Charlottetown","CAN","CAN",76,212,2005,2,55,"R","Mcquaid","Adam","D","BOS",77,2,8,4,4,10,"CAN"
"130",575000,"88-06-04","Pittsburgh","USA","USA",73,196,2008,7,190,"L","Bartkowski","Matt","D","CGY",24,1,1,0,1,2,"USA"
"131",6e+05,"89-11-01","Paris","CAN","CAN",74,199,2008,2,45,"R","Dalpe","Zac","C","MIN",9,1,2,0,2,3,"CAN"
"132",4e+06,"72-02-15","Kladno","CZE","CZE",75,230,1990,1,5,"L","Jagr","Jaromir","RW","FLA",82,16,30,20,10,46,"Others"
"133",575000,"87-01-01","Taber","CAN","CAN",72,205,2005,1,8,"R","Setoguchi","Devin","RW","L.A",45,4,8,4,4,12,"CAN"
"135",735000,"92-11-05","Long Beach","USA","USA",71,190,2011,2,47,"L","Nieto","Matt","LW/RW","COL/S.J",59,7,6,3,3,13,"USA"
"138",8e+05,"92-11-16","Rochester","USA","USA",71,185,2011,2,61,"L","Prince","Shane","LW/C","NYI",50,5,13,7,6,18,"USA"
"139",925000,"95-04-08","Northbrook","USA","USA",72,193,2013,2,35,"R","Compher","J.T.","LW/C","COL",21,3,2,1,1,5,"USA"
"140",4e+06,"83-04-01","Kalajoki","FIN","FIN",71,198,2001,6,192,"L","Jokinen","Jussi","LW/RW/C","FLA",69,11,17,11,6,28,"Others"
"141",5750000,"92-10-27","Pittsburgh","USA","USA",73,206,2011,2,43,"L","Saad","Brandon","LW/RW","CBJ",82,24,29,18,11,53,"USA"
"143",7250000,"87-04-24","Montreal","CAN","CAN",72,201,2005,3,62,"R","Letang","Kris","D","PIT",41,5,29,9,20,34,"CAN"
"144",3500000,"80-02-10","Montreal","CAN","CAN",72,179,1998,2,45,"L","Ribeiro","Mike","C","NSH",46,4,21,10,11,25,"CAN"
"145",575000,"90-05-30","Marshfield","USA","USA",69,170,2008,4,95,"L","Warsofsky","David","D","PIT",7,0,1,1,0,1,"USA"
"146",10900000,"87-08-07","Cole Harbour","CAN","CAN",71,200,2005,1,1,"L","Crosby","Sidney","C","PIT",75,44,45,28,17,89,"CAN"
"147",667500,"97-01-02","Sault Ste. Marie","CAN","CAN",71,185,2015,3,67,"R","Speers","Blake","C","N.J",3,0,0,0,0,0,"CAN"
"148",832500,"95-02-04","Hamilton","CAN","CAN",76,220,2013,1,7,"L","Nurse","Darnell","D","EDM",44,5,6,2,4,11,"CAN"
"149",8e+06,"91-12-13","Yaroslavl","RUS","RUS",72,219,2010,1,16,"L","Tarasenko","Vladimir","RW","STL",82,39,36,18,18,75,"Others"
"150",692500,"95-08-02","Zilina","SVK","SVK",74,202,2013,3,90,"L","Cehlarik","Peter","LW/RW","BOS",11,0,2,1,1,2,"Others"
"151",3500000,"84-10-29","Thunder Bay","CAN","CAN",76,208,2003,1,2,"L","Staal","Eric","C","MIN",82,28,37,24,13,65,"CAN"
"152",9e+05,"92-04-20","Swan River","CAN","CAN",74,208,2010,5,133,"L","Ferland","Micheal","LW/RW","CGY",76,15,10,6,4,25,"CAN"
"154",6e+05,"91-05-17","Pickering","CAN","CAN",73,210,2011,3,80,"L","Andreoff","Andy","LW/C","L.A",36,0,2,2,0,2,"CAN"
"155",705000,"94-01-07","Ottawa","CAN","CAN",72,212,2013,7,206,"R","Weegar","Mackenzie","D","FLA",3,0,0,0,0,0,"CAN"
"156",9e+05,"96-10-31","Stockholm","SWE","SWE",73,184,2015,2,45,"R","Forsbacka Karlsson","Jakob","C","BOS",1,0,0,0,0,0,"Others"
"157",8e+06,"84-06-16","Brampton","CAN","CAN",76,212,2002,1,1,"L","Nash","Rick","RW/LW","NYR",67,23,15,13,2,38,"CAN"
"158",4e+06,"90-06-07","Winnipeg","CAN","CAN",75,210,2008,3,69,"R","Stone","Michael","D","ARI/CGY",64,3,12,6,6,15,"CAN"
"159",575000,"90-05-18","Roseau","USA","USA",70,184,2008,2,40,"L","Ness","Aaron","D","WSH",2,0,0,0,0,0,"USA"
"162",740000,"95-08-04","Ottawa","CAN","CAN",73,206,2013,3,69,"R","Baptiste","Nicholas","RW","BUF",14,3,1,0,1,4,"CAN"
"164",667500,"96-03-13","Calgary","CAN","CAN",70,166,2014,3,79,"R","Point","Brayden","C","T.B",68,18,22,8,14,40,"CAN"
"165",4e+06,"86-09-29","Alfred","CAN","CAN",75,204,2005,1,4,"L","Pouliot","Benoit","LW","EDM",67,8,6,5,1,14,"CAN"
"166",7e+05,"91-07-17","Wakaw","CAN","CAN",72,189,2009,4,96,"R","Vey","Linden","RW/C","CGY",4,0,0,0,0,0,"CAN"
"167",7e+06,"90-05-31","Landsbro","SWE","SWE",72,191,2008,1,15,"R","Karlsson","Erik","D","OTT",77,17,54,25,29,71,"Others"
"168",5e+06,"91-06-03","Jyv_skyl_","FIN","FIN",70,183,2009,4,106,"R","Vatanen","Sami","D","ANA",71,3,21,9,12,24,"Others"
"169",9e+06,"87-10-02","Madison","USA","USA",72,202,2006,1,5,"R","Kessel","Phil","RW/C","PIT",82,23,47,25,22,70,"USA"
"170",925000,"95-12-30","Moscow","RUS","RUS",74,190,2014,1,26,"L","Scherbak","Nikita","RW","MTL",3,1,0,0,0,1,"Others"
"171",4e+06,"93-03-01","Leksand","SWE","SWE",74,200,2011,2,42,"L","Rask","Victor","C","CAR",82,16,29,11,18,45,"Others"
"172",6e+05,"95-04-10","Herning","DNK","DNK",72,175,2013,3,89,"R","Bjorkstrand","Oliver","RW","CBJ",26,6,7,4,3,13,"Others"
"174",925000,"95-04-20","New Haven","USA","USA",73,214,2013,2,33,"L","Erne","Adam","LW","T.B",26,3,0,0,0,3,"USA"
"176",832500,"94-01-09","Vitkov","CZE","CZE",75,210,2012,1,13,"L","Faksa","Radek","C","DAL",80,12,21,13,8,33,"Others"
"177",2950000,"87-01-23","Narva","EST","FIN",71,210,2006,6,180,"L","Komarov","Leo","C/LW","TOR",82,14,18,11,7,32,"Others"
"178",4250000,"93-06-17","Maykop","RUS","RUS",71,178,2011,2,58,"L","Kucherov","Nikita","RW","T.B",74,40,45,28,17,85,"Others"
"179",875000,"94-11-09","Salem","USA","USA",76,203,2013,2,61,"L","Sanford","Zach","LW","STL/WSH",39,4,4,1,3,8,"USA"
"180",625000,"93-01-04","Wallaceburg","CAN","CAN",69,191,2012,5,131,"R","Griffith","Seth","C/RW","FLA/TOR",24,0,5,4,1,5,"CAN"
"182",625000,"88-09-24","Ann Arbor","USA","USA",71,192,2007,4,93,"R","Kampfer","Steven","D","FLA/NYR",11,1,1,1,0,2,"USA"
"184",2500000,"91-10-15","Warroad","USA","USA",75,206,2010,1,30,"L","Nelson","Brock","C/LW","NYI",81,20,25,14,11,45,"USA"
"186",9e+05,"92-02-08","Stockholm","SWE","SWE",75,215,2010,2,41,"L","Nemeth","Patrik","D","DAL",40,0,3,2,1,3,"Others"
"187",1050000,"91-04-24","Sundsvall","SWE","SWE",72,184,2009,2,40,"L","Lander","Anton","C/LW/RW","EDM",22,1,3,1,2,4,"Others"
"188",1100000,"92-01-30","Ottawa","CAN","CAN",70,184,2010,2,45,"L","Spooner","Ryan","C/LW","BOS",78,12,28,14,14,39,"CAN"
"189",925000,"96-08-17","New Westminster","CAN","CAN",73,229,2014,1,6,"R","Virtanen","Jake","RW","VAN",10,0,1,0,1,1,"CAN"
"190",650000,"92-05-01","De Pere","USA","USA",71,188,2011,6,171,"L","McCormick","Max","RW/LW/C","OTT",7,0,0,0,0,0,"USA"
"191",3850000,"91-05-24","Winnipeg","CAN","CAN",72,190,2009,3,85,"L","Eakin","Cody","C","DAL",60,3,9,7,2,12,"CAN"
"192",9e+06,"84-07-28","Minneapolis","USA","USA",71,196,2003,1,17,"L","Parise","Zach","LW","MIN",69,19,23,17,6,42,"USA"
"193",925000,"97-02-25","Burnsville","USA","USA",73,191,2015,1,23,"R","Boeser","Brock","RW","VAN",9,4,1,1,0,5,"USA"
"194",7e+05,"90-12-04","Vaughan","CAN","CAN",70,193,2009,5,147,"L","Varone","Phil","C","OTT",7,0,0,0,0,0,"CAN"
"196",925000,"94-11-30","Eisenstadt","AUT","SVK",71,212,2013,1,27,"L","Dano","Marko","C/LW/RW","WPG",38,4,7,3,4,11,"Others"
"197",4250000,"89-09-01","Halmstad","SWE","SWE",71,184,2008,4,121,"L","Nyquist","Gustav","RW/C/LW","DET",76,12,36,22,14,48,"Others"
"198",667500,"94-08-08","Prague","CZE","CZE",71,176,2015,5,137,"L","Simon","Dominik","C","PIT",2,0,1,1,0,1,"Others"
"199",8e+06,"84-05-01","Minneapolis","USA","USA",75,221,2003,2,62,"R","Backes","David","RW/C","BOS",74,17,21,12,9,38,"USA"
"201",3650000,"89-10-06","Edmonton","CAN","CAN",69,175,2008,1,26,"L","Ennis","Tyler","LW/C/RW","BUF",51,5,8,5,3,13,"CAN"
"202",3750000,"92-12-07","Phoenix","USA","CAN",75,211,2011,1,8,"L","Couturier","Sean","C","PHI",66,14,20,10,10,34,"CAN"
"203",6075000,"82-02-14","Trencin","SVK","SVK",73,205,2000,1,3,"L","Gaborik","Marian","RW","L.A",56,10,11,9,2,21,"Others"
"204",950000,"90-02-23","Edmonton","CAN","CAN",74,205,2009,3,83,"L","Connauton","Kevin","D","ARI",24,0,1,1,0,1,"CAN"
"205",925000,"96-09-13","Kramfors","SWE","SWE",74,202,2014,1,29,"L","Kempe","Adrian","LW/C","L.A",25,2,4,3,1,6,"Others"
"206",2750000,"82-04-03","Edmonton","CAN","CAN",74,214,2000,6,194,"R","Engelland","Deryk","D","CGY",81,4,12,6,6,16,"CAN"
"207",5e+06,"81-03-05","Minneapolis","USA","USA",73,200,2000,2,62,"L","Martin","Paul","D","S.J",81,4,22,5,17,26,"USA"
"208",5e+06,"87-11-12","Edmonton","CAN","CAN",72,191,2006,1,12,"R","Little","Bryan","C/RW","WPG",59,21,26,16,10,47,"CAN"
"209",1.1e+07,"89-05-13","Toronto","CAN","CAN",72,210,2007,2,43,"R","Subban","P.K.","D","NSH",66,10,30,13,17,40,"CAN"
"210",6e+05,"93-04-27","Brampton","CAN","CAN",77,212,2011,7,191,"L","Graovac","Tyler","C","MIN",52,7,2,1,1,9,"CAN"
"211",6e+06,"88-03-21","Bloomington","USA","USA",76,225,2006,1,1,"R","Johnson","Erik","D","COL",46,2,15,7,8,17,"USA"
"212",950000,"91-02-22","Prague","CZE","CZE",75,200,2009,3,75,"L","Nestrasil","Andrej","C/RW/LW","CAR",19,1,4,3,1,5,"Others"
"213",775000,"92-06-16","Long Beach","USA","USA",73,212,2010,1,29,"L","Etem","Emerson","LW/RW","ANA",3,0,0,0,0,0,"USA"
"214",1700000,"92-10-05","Bern","CHE","CHE",71,192,2011,1,13,"L","Baertschi","Sven","LW","VAN",68,18,17,8,9,35,"Others"
"215",1025000,"84-02-17","Dover","USA","USA",74,183,2003,6,186,"L","Miller","Drew","LW/RW","DET",55,5,2,1,1,7,"USA"
"216",925000,"95-12-05","Orangeville","CAN","CAN",74,232,2014,1,10,"L","Ritchie","Nick","LW","ANA",77,14,14,8,6,28,"CAN"
"217",5400000,"83-03-12","Turku","FIN","FIN",75,215,2001,1,6,"L","Koivu","Mikko","C","MIN",80,18,40,14,26,58,"Others"
"218",7875000,"84-08-31","Livonia","USA","USA",74,202,2003,1,23,"R","Kesler","Ryan","C/RW","ANA",82,22,36,23,13,58,"USA"
"220",2e+06,"84-01-04","Olomouc","CZE","CZE",70,190,2002,2,58,"L","Hudler","Jiri","RW/LW","DAL",32,3,8,5,3,11,"Others"
"221",2570000,"91-07-23","Novokuznetsk","RUS","RUS",71,212,2009,2,55,"L","Orlov","Dmitry","D","WSH",82,6,27,19,8,33,"Others"
"222",575000,"87-01-07","Owen sound","CAN","CAN",72,205,2005,4,95,"R","Bass","Cody","C","NSH",9,0,0,0,0,0,"CAN"
"223",1300000,"94-05-16","Khabarovsk","RUS","RUS",75,209,2012,1,12,"L","Grigorenko","Mikhail","C","COL",75,10,13,8,5,23,"Others"
"224",4e+06,"89-08-14","New Westminster","CAN","CAN",73,190,2007,1,3,"R","Turris","Kyle","C","OTT",78,27,28,21,7,55,"CAN"
"225",925000,"97-07-19","Grosse Pointe","USA","USA",74,218,2015,1,8,"L","Werenski","Zach","D","CBJ",78,11,36,15,21,47,"USA"
"226",6e+05,"93-02-22","Langley","CAN","CAN",74,214,2011,1,18,"R","McNeill","Mark","C/RW","DAL",1,0,0,0,0,0,"CAN"
"227",1e+07,"89-08-15","Kladno","CZE","CZE",74,214,2007,1,7,"L","Voracek","Jakub","RW","PHI",82,20,41,26,15,61,"Others"
"228",925000,"97-01-02","Orebro","SWE","SWE",76,191,2015,1,29,"L","Carlsson","Gabriel","D","CBJ",2,0,1,0,1,1,"Others"
"229",3e+06,"83-12-19","Mississauga","CAN","CAN",73,195,2002,2,57,"L","Stajan","Matt","C","CGY",81,6,17,10,7,23,"CAN"
"230",832500,"94-10-13","Calgary","CAN","CAN",70,181,2013,1,24,"L","Shinkaruk","Hunter","C/LW","CGY",7,0,1,0,1,1,"CAN"
"232",9e+05,"89-05-09","Consort","CAN","CAN",73,200,2007,1,21,"R","Nash","Riley","C/RW","BOS",81,7,10,8,2,17,"CAN"
"234",832500,"95-02-09","Klagenfurt","AUT","SWE",75,205,2013,1,23,"L","Burakovsky","Andre","LW/C","WSH",64,12,23,9,14,35,"Others"
"237",625000,"93-03-12","Burnaby","CAN","CAN",74,207,2011,2,57,"L","Wotherspoon","Tyler","D","CGY",4,0,0,0,0,0,"CAN"
"238",9e+05,"80-11-11","Toronto","CAN","CAN",72,190,1999,3,94,"L","Kelly","Chris","C/LW","OTT",82,5,7,6,1,12,"CAN"
"239",5e+06,"89-06-13","St. Paul","USA","USA",73,216,2007,1,12,"L","McDonagh","Ryan","D","NYR",77,6,36,22,14,42,"USA"
"240",4500000,"91-02-01","Smithtown","USA","USA",70,185,2009,1,26,"R","Palmieri","Kyle","RW/C/LW","N.J",80,26,27,13,14,53,"USA"
"241",2900000,"91-05-09","Carp","CAN","CAN",73,197,2009,1,12,"L","de Haan","Calvin","D","NYI",82,5,20,11,9,25,"CAN"
"244",5e+06,"77-03-18","Trencin","SVK","SVK",81,250,1996,3,56,"L","Chara","Zdeno","D","BOS",75,9,19,11,9,29,"Others"
"245",5e+06,"82-04-18","Regina","CAN","CAN",74,215,2000,1,6,"L","Hartnell","Scott","LW","CBJ",78,13,24,15,9,37,"CAN"
"247",3100000,"87-06-14","Toronto","CAN","CAN",70,184,2005,1,25,"L","Cogliano","Andrew","LW/C/RW","ANA",82,16,19,10,9,35,"CAN"
"248",8e+06,"88-06-07","Vancouver","CAN","CAN",75,236,2006,2,50,"L","Lucic","Milan","LW","EDM",82,23,27,19,8,50,"CAN"
"249",6e+06,"89-03-28","Guelph","CAN","CAN",73,200,2007,1,9,"L","Couture","Logan","C/LW","S.J",73,25,27,21,6,52,"CAN"
"250",925000,"97-07-26","Rauma","FIN","FIN",71,172,2015,2,35,"L","Aho","Sebastian","RW/LW","CAR",82,24,25,12,13,49,"Others"
"251",3500000,"92-09-08","Chur","CHE","CHE",74,211,2010,1,5,"L","Niederreiter","Nino","RW","MIN",82,25,32,25,7,57,"Others"
"252",575000,"92-05-31","Shawinigan","CAN","CAN",71,198,2010,3,71,"L","Bournival","Michael","LW","T.B",19,2,1,0,1,3,"CAN"
"253",6e+06,"91-08-02","Vancouver","CAN","CAN",74,211,2009,1,4,"L","Kane","Evander","LW","BUF",70,28,15,8,7,43,"CAN"
"254",3e+06,"94-01-20","Helsingborg","SWE","SWE",75,205,2012,1,6,"L","Lindholm","Hampus","D","ANA",66,6,14,5,9,20,"Others"
"255",725000,"93-03-28","Chelyabinsk","RUS","RUS",71,191,2011,5,148,"L","Nesterov","Nikita","D","MTL/T.B",48,4,13,9,4,17,"Others"
"256",667500,"95-02-24","Sudbury","CAN","CAN",72,198,2013,2,58,"L","Bertuzzi","Tyler","LW","DET",7,0,0,0,0,0,"CAN"
"257",4250000,"89-11-29","Edmonton","CAN","CAN",69,164,2008,6,156,"R","Spurgeon","Jared","D","MIN",76,10,28,16,12,38,"CAN"
"258",6e+05,"93-02-25","Cesk_ Budejovice","CZE","CZE",72,203,2011,6,158,"L","Sedlak","Lukas","C/LW","CBJ",62,7,6,3,3,13,"Others"
"260",8e+05,"82-08-19","Summerside","CAN","CAN",72,193,2000,1,25,"L","Ott","Steve","C/LW","DET/MTL",53,3,4,2,2,7,"CAN"
"261",1e+07,"85-09-17","Moscow","RUS","RUS",75,239,2004,1,1,"R","Ovechkin","Alex","LW/RW","WSH",82,33,36,20,16,69,"Others"
"262",7e+05,"86-09-30","Toronto","CAN","CAN",72,193,2005,5,150,"L","O'Reilly","Cal","C","BUF",11,0,1,1,0,1,"CAN"
"263",5e+06,"87-01-21","St. Andrews","CAN","CAN",72,196,2005,5,132,"L","Helm","Darren","C","DET",50,8,9,3,6,17,"CAN"
"264",840000,"93-07-20","Belleville","CAN","CAN",70,188,2011,3,68,"L","Cousins","Nick","C/LW","PHI",60,6,10,5,5,16,"CAN"
"266",925000,"93-04-20","Pembroke Pines","USA","USA",71,180,2012,3,78,"L","Gostisbehere","Shayne","D","PHI",76,7,32,17,15,39,"USA"
"267",660000,"92-10-05","Glace Bay","CAN","CAN",75,202,2011,3,76,"R","Shaw","Logan","C/RW","ANA",55,3,7,4,3,10,"CAN"
"268",2075000,"91-12-07","St. Catharines","CAN","CAN",75,226,2010,1,21,"L","Sheahan","Riley","C","DET",80,2,11,5,6,13,"CAN"
"269",7e+06,"85-12-27","Quebec City","CAN","USA",72,202,2005,2,44,"L","Stastny","Paul","C","STL",66,18,22,16,6,40,"USA"
"270",5800000,"86-08-31","Plymouth","USA","USA",77,225,2004,1,5,"R","Wheeler","Blake","RW","WPG",82,26,48,33,15,74,"USA"
"271",1150000,"94-01-05","Riga","LVA","LVA",74,200,2012,1,14,"L","Girgensons","Zemgus","C/LW","BUF",75,7,9,8,1,16,"Others"
"272",925000,"96-07-30","Waterford","USA","USA",73,190,2014,1,15,"L","Larkin","Dylan","C/LW","DET",80,17,15,7,8,32,"USA"
"273",925000,"92-09-06","Grand Forks","USA","USA",74,201,2012,6,181,"R","Ladue","Paul","D","L.A",22,0,8,2,6,8,"USA"
"274",5500000,"81-01-12","Stockholm","SWE","SWE",72,194,2000,1,29,"L","Kronwall","Niklas","D","DET",57,2,11,5,6,13,"Others"
"275",2800000,"93-11-12","Praha","CZE","CZE",74,215,2012,1,17,"L","Hertl","Tomas","C/RW","S.J",49,10,12,7,5,22,"Others"
"276",4350000,"85-10-30","Milwaukee","USA","USA",74,214,2004,1,13,"R","Stafford","Drew","RW/LW","BOS/WPG",58,8,13,9,4,21,"USA"
"277",925000,"95-08-05","Anaheim","USA","USA",75,217,2013,2,31,"L","McCoshen","Ian","D","FLA",3,0,1,0,1,1,"USA"
"279",1200000,"87-10-30","Toronto","CAN","CAN",74,239,2006,1,18,"R","Stewart","Chris","RW/LW","MIN",79,13,8,4,4,21,"CAN"
"280",1300000,"81-06-11","Sudbury","CAN","CAN",71,181,1999,5,128,"L","MacKenzie","Derek","C/LW","FLA",82,6,10,7,3,16,"CAN"
"281",1300000,"92-01-02","Moscow","RUS","RUS",75,210,2011,7,205,"R","Marchenko","Alexey","D","DET/TOR",41,1,7,1,6,8,"Others"
"283",5e+06,"93-03-15","Kitchener","CAN","CAN",75,207,2011,1,7,"R","Scheifele","Mark","C","WPG",79,32,50,26,24,82,"CAN"
"284",692500,"91-11-28","Plano","USA","USA",71,200,2011,3,75,"L","Coleman","Blake","C/LW","N.J",23,1,1,1,0,2,"USA"
"285",832500,"95-03-21","Winterthur","CHE","CHE",75,210,2013,1,18,"L","Mueller","Mirco","D","S.J",4,1,1,0,1,2,"Others"
"286",775000,"87-04-27","Thunder Bay","CAN","USA",72,191,2005,2,36,"L","Chorney","Taylor","D","WSH",18,1,4,1,3,5,"USA"
"287",4250000,"90-12-18","Ornskoldsvik","SWE","SWE",78,223,2009,1,2,"L","Hedman","Victor","D","T.B",79,16,56,34,22,72,"Others"
"288",925000,"95-03-07","Bronxville","USA","USA",74,207,2013,2,42,"R","Santini","Steven","D","N.J",38,2,5,2,3,7,"USA"
"289",925000,"94-01-11","Lewisville","USA","USA",74,191,2012,2,36,"L","Kerdiles","Nicolas","LW","ANA",1,0,0,0,0,0,"USA"
"290",1e+06,"83-11-29","Regina","CAN","CAN",73,213,2003,9,265,"L","Glass","Tanner","LW","NYR",11,1,1,0,1,2,"CAN"
"292",9e+05,"92-10-29","Sault Ste. Marie","CAN","CAN",73,196,2012,5,151,"R","Miller","Colin","D","BOS",61,6,7,4,3,13,"CAN"
"293",575000,"93-05-26","Innisfil","CAN","CAN",74,205,2011,3,86,"R","Leivo","Josh","LW","TOR",13,2,8,6,2,10,"CAN"
"294",667500,"94-10-06","Omaha","USA","USA",71,180,2013,3,77,"L","Guentzel","Jake","C/LW","PIT",40,16,17,14,3,33,"USA"
"296",650000,"93-02-05","Calgary","CAN","CAN",72,195,2011,2,32,"R","Rattie","Ty","RW","CAR/STL",9,0,2,2,0,2,"CAN"
"297",1200000,"92-03-03","Edmonton","CAN","CAN",76,206,2010,2,36,"R","Petrovic","Alex","D","FLA",49,1,13,5,8,14,"CAN"
"298",667500,"92-03-06","Kingsford","USA","USA",76,212,2010,5,148,"L","Gravel","Kevin","D","L.A",49,1,6,3,3,7,"USA"
"299",667500,"97-07-29","Edmonton","CAN","CAN",73,186,2015,2,51,"L","Guhle","Brendan","D","BUF",3,0,0,0,0,0,"CAN"
"300",6e+06,"83-07-16","Winnipeg","CAN","CAN",73,192,2002,2,54,"L","Keith","Duncan","D","CHI",80,6,47,19,28,53,"CAN"
"301",925000,"96-07-22","St. Gallen","CHE","CHE",70,193,2014,1,11,"L","Fiala","Kevin","LW","NSH",54,11,5,3,2,16,"Others"
"303",8e+05,"87-02-14","Thunder Bay","CAN","CAN",71,185,2005,4,107,"L","Pyatt","Tom","LW/C","OTT",82,9,14,9,5,23,"CAN"
"304",4500000,"92-05-06","Edmonton","CAN","CAN",69,182,2010,5,147,"R","Gallagher","Brendan","RW","MTL",64,10,19,11,8,29,"CAN"
"305",925000,"95-03-10","St. Clair","USA","USA",69,188,2013,4,121,"L","Motte","Tyler","LW/C","CHI",33,4,3,3,0,7,"USA"
"306",9e+05,"98-07-29","Chesterfield","USA","USA",70,168,2016,1,7,"L","Keller","Clayton","C/LW","ARI",3,0,2,1,1,2,"USA"
"308",6e+06,"92-05-16","Toronto","CAN","CAN",71,200,2010,1,7,"L","Skinner","Jeff","LW/C/RW","CAR",79,37,26,19,7,63,"CAN"
"310",1e+06,"86-07-28","Turku","FIN","FIN",73,193,2004,1,19,"L","Korpikoski","Lauri","LW/RW","CBJ/DAL",69,8,12,9,3,20,"Others"
"311",4e+06,"77-12-11","Bern","CHE","CHE",71,191,2004,9,262,"L","Streit","Mark","D","PHI/PIT",68,6,21,6,15,27,"Others"
"312",792500,"94-01-30","Berlin","DEU","USA",69,180,2012,5,138,"R","O'Regan","Daniel","C/LW","S.J",3,1,0,0,0,1,"USA"
"313",1700000,"91-09-25","G_vle","SWE","SWE",71,186,2010,2,51,"R","Jarnkrok","Calle","C","NSH",81,15,16,7,9,31,"Others"
"314",6e+05,"88-01-04","Waltham","USA","USA",73,206,2006,3,65,"L","Strait","Brian","D","WPG",5,0,2,2,0,2,"USA"
"315",4e+06,"91-12-05","Windsor","CAN","USA",73,207,2010,1,12,"L","Fowler","Cam","D","ANA",80,11,28,12,16,39,"USA"
"316",3667000,"88-08-23","Sodertalje","SWE","SWE",71,186,2007,6,168,"L","Hagelin","Carl","LW","PIT",61,6,16,8,8,22,"Others"
"317",832500,"95-03-28","Ste-Agathe","CAN","CAN",71,188,2013,1,3,"L","Drouin","Jonathan","LW","T.B",73,21,32,17,15,53,"CAN"
"318",3e+06,"93-07-20","Karlstad","SWE","SWE",75,220,2011,1,19,"L","Klefbom","Oscar","D","EDM",82,12,26,15,11,38,"Others"
"319",5400000,"94-10-03","Arlington","USA","USA",76,220,2013,1,4,"R","Jones","Seth","D","CBJ",75,12,30,13,17,42,"USA"
"320",5e+06,"91-04-30","Boxford","USA","USA",75,228,2009,1,19,"L","Kreider","Chris","LW/C","NYR",75,28,25,18,7,53,"USA"
"321",1650000,"91-05-08","Vanier","CAN","CAN",76,215,2009,2,54,"L","Gelinas","Eric","D","COL",27,0,1,0,1,1,"CAN"
"322",792500,"94-11-15","Tarrytown","USA","USA",75,200,2013,3,66,"R","Pesce","Brett","D","CAR",82,2,18,7,11,20,"USA"
"323",925000,"95-04-30","Buffalo","USA","USA",72,190,2013,6,159,"L","Malone","Sean","C","BUF",1,0,0,0,0,0,"USA"
"325",4e+06,"89-10-20","Greenwich","USA","USA",73,221,2008,1,7,"L","Wilson","Colin","LW/C","NSH",70,12,23,17,6,35,"USA"
"326",2600000,"92-05-08","Dorchester","USA","USA",77,215,2010,1,24,"L","Hayes","Kevin","C/RW","NYR",76,17,32,18,14,49,"USA"
"327",3500000,"87-02-20","Pisek","CZE","CZE",78,226,2005,1,17,"L","Hanzal","Martin","C","ARI/MIN",71,20,19,12,7,39,"Others"
"328",925000,"95-10-24","Sewell","USA","USA",71,183,2014,1,19,"R","Deangelo","Anthony","D","ARI",39,5,9,4,5,14,"USA"
"329",575000,"93-04-06","Markham","CAN","CAN",72,192,2012,3,71,"L","Richard","Tanner","C","T.B",3,0,0,0,0,0,"CAN"
"330",620000,"92-05-11","Pontiac","USA","USA",71,192,2010,3,80,"R","Rust","Bryan","RW","PIT",57,15,13,9,4,28,"USA"
"332",3800000,"89-11-24","Kitchener","CAN","CAN",72,180,2009,5,130,"L","Hoffman","Mike","LW/C","OTT",74,26,35,24,11,61,"CAN"
"334",575000,"89-02-20","Toronto","CAN","CAN",71,174,2007,6,164,"R","Didomenico","Chris","C/RW","OTT",3,0,0,0,0,0,"CAN"
"335",575000,"93-11-05","North Vancouver","CAN","CAN",73,200,2012,2,50,"R","Sissons","Colton","C","NSH",58,8,2,2,0,10,"CAN"
"336",742500,"95-12-14","Moscow","RUS","RUS",72,180,2014,2,33,"L","Barbashev","Ivan","C","STL",30,5,7,4,3,12,"Others"
"337",5750000,"89-07-18","Victoria","CAN","CAN",74,210,2007,5,129,"L","Benn","Jamie","LW","DAL",77,26,43,26,17,69,"CAN"
"339",675000,"93-02-20","Milford","USA","USA",71,200,2011,5,129,"L","Pietila","Blake","LW/C","N.J",10,0,1,1,0,1,"USA"
"340",4050000,"90-07-04","Minnetonka","USA","USA",74,200,2008,1,17,"L","Gardiner","Jake","D","TOR",82,9,34,14,20,43,"USA"
"343",2600000,"88-04-12","Evanston","USA","USA",72,200,2008,6,177,"R","Wingels","Tommy","C/RW/LW","OTT/S.J",73,7,5,4,1,12,"USA"
"344",8e+05,"92-12-09","Edmonton","CAN","CAN",72,199,2011,1,23,"L","Morrow","Joe","D","BOS",17,0,1,1,0,1,"CAN"
"345",832500,"94-02-18","Winchester","CAN","CAN",74,193,2012,1,10,"L","Koekkoek","Slater","D","T.B",29,0,4,2,2,4,"CAN"
"346",925000,"98-05-07","Alvkarleby","SWE","FIN",76,203,2016,1,4,"R","Puljujarvi","Jesse","RW","EDM",28,1,7,7,0,8,"Others"
"347",4400000,"87-12-23","Helsinki","FIN","FIN",74,212,2008,3,65,"L","Lehtera","Jori","C","STL",64,7,15,7,8,22,"Others"
"348",2400000,"93-03-26","Dublin","USA","USA",76,212,2011,1,20,"R","Murphy","Connor","D","ARI",77,2,15,7,8,17,"USA"
"349",5e+06,"83-11-01","North York","CAN","CAN",73,200,2003,9,263,"L","Moulson","Matt","LW","BUF",81,14,18,9,9,32,"CAN"
"350",2500000,"91-01-03","Hamilton","CAN","CAN",70,180,2009,1,11,"R","Ellis","Ryan","D","NSH",71,16,22,13,9,38,"CAN"
"351",6e+05,"89-04-07","Brampton","CAN","CAN",70,195,2007,5,132,"L","Terry","Chris","LW/RW","MTL",14,2,2,1,1,4,"CAN"
"354",925000,"95-07-04","Georgetown","CAN","CAN",74,205,2013,1,29,"L","Dickinson","Jason","C","DAL",10,2,0,0,0,2,"CAN"
"355",1750000,"82-07-20","St. Agapit","CAN","CAN",73,198,2000,2,55,"L","Vermette","Antoine","C/LW","ANA",72,9,19,10,9,28,"CAN"
"356",575000,"88-07-26","Traverse City","USA","USA",74,208,2008,7,184,"R","Redmond","Zach","D","MTL",16,0,5,1,4,5,"USA"
"358",650000,"92-04-18","Ellwood City","USA","USA",76,230,2010,2,60,"R","Johns","Stephen","D","DAL",61,4,6,2,4,10,"USA"
"359",3500000,"89-05-08","Windsor","CAN","CAN",75,220,2008,5,148,"L","Martin","Matt","LW/RW","TOR",82,5,4,2,2,9,"CAN"
"360",2e+06,"87-01-08","Salt Lake City","USA","USA",73,201,2006,1,17,"R","Lewis","Trevor","C/RW/LW","L.A",82,12,12,8,4,24,"USA"
"361",1200000,"85-05-21","Warren","USA","USA",71,200,2004,7,224,"L","Hunwick","Matt","D","TOR",72,1,18,9,9,19,"USA"
"363",832500,"94-05-30","Oakville","CAN","CAN",73,190,2012,1,20,"L","Laughton","Scott","C/LW","PHI",2,0,0,0,0,0,"CAN"
"364",767500,"95-07-05","Langley","CAN","CAN",73,185,2014,4,116,"L","Heinen","Danton","C","BOS",8,0,0,0,0,0,"CAN"
"365",875000,"93-07-01","Orangeville","CAN","CAN",75,215,2011,2,44,"R","Ritchie","Brett","RW","DAL",78,16,8,4,4,24,"CAN"
"366",6e+06,"92-07-31","Vancouver","CAN","CAN",75,218,2010,1,4,"R","Johansen","Ryan","C/RW","NSH",82,14,47,28,19,61,"CAN"
"367",6750000,"79-07-02","London","CAN","CAN",76,220,1997,1,1,"L","Thornton","Joe","C","S.J",79,7,43,18,25,50,"CAN"
"368",792500,"96-02-02","Palos","USA","USA",72,187,2014,2,58,"L","Dvorak","Christian","C/LW","ARI",78,15,18,10,8,33,"USA"
"369",2700000,"83-10-09","Toronto","CAN","CAN",71,195,2002,2,43,"L","Daley","Trevor","D","PIT",56,5,14,6,8,19,"CAN"
"370",575000,"92-01-13","Ann Arbor","USA","USA",76,204,2010,1,18,"R","Watson","Austin","LW","NSH",77,5,12,9,3,17,"USA"
"371",4750000,"86-09-07","Judique","CAN","CAN",73,204,2006,6,160,"L","MacDonald","Andrew","D","PHI",73,2,16,12,4,18,"CAN"
"372",575000,"90-07-15","Island Park","USA","USA",73,210,2010,6,168,"L","Bitetto","Anthony","D","NSH",29,0,7,3,4,7,"USA"
"373",575000,"86-03-12","Detroit","USA","USA",71,191,2004,4,119,"L","Porter","Kevin","C","PIT",2,0,0,0,0,0,"USA"
"374",832500,"95-04-26","St-Lin","CAN","CAN",77,235,2013,1,21,"L","Gauthier","Frederik","C","TOR",21,2,1,0,1,3,"CAN"
"375",6e+06,"92-01-31","Brampton","CAN","CAN",73,200,2010,1,2,"R","Seguin","Tyler","C/RW","DAL",82,26,46,27,19,72,"CAN"
"376",2825000,"93-09-27","Regina","CAN","CAN",73,211,2012,1,2,"L","Murray","Ryan","D","CBJ",60,2,9,5,4,11,"CAN"
"377",3600000,"90-01-30","Ozieri","ITA","CHE",74,209,2008,1,19,"L","Sbisa","Luca","D","VAN",82,2,11,4,7,13,"Others"
"379",6e+05,"78-09-03","Vlasim","CZE","CZE",73,210,1996,4,105,"R","Rozsival","Michal","D","CHI",22,1,2,2,0,3,"Others"
"380",7e+06,"84-01-19","Edmonton","CAN","CAN",74,227,2002,2,61,"R","Boychuk","Johnny","D","NYI",66,6,17,10,7,23,"CAN"
"382",1e+06,"89-06-23","Garden River, First Nations","CAN","CAN",75,219,2009,7,186,"L","Nolan","Jordan","C/LW/RW","L.A",46,4,4,2,2,8,"CAN"
"383",925000,"96-10-28","North Chelmsford","USA","USA",74,196,2015,1,2,"R","Eichel","Jack","C","BUF",61,24,33,19,14,57,"USA"
"384",1100000,"89-07-12","Ottawa","CAN","CAN",73,216,2008,5,139,"L","Borowiecki","Mark","D","OTT",70,1,2,2,0,3,"CAN"
"385",925000,"97-03-07","Mississauga","CAN","CAN",75,185,2015,1,3,"L","Strome","Dylan","C","ARI",7,0,1,1,0,1,"CAN"
"386",6e+05,"85-07-15","Prince Albert","CAN","CAN",75,220,2004,9,279,"R","Cracknell","Adam","RW/C","DAL",69,10,6,3,3,16,"CAN"
"387",4e+06,"89-02-21","Woodstock","CAN","CAN",75,216,2007,5,141,"L","Muzzin","Jake","D","L.A",82,9,19,9,10,28,"CAN"
"388",1800000,"85-03-06","Toronto","CAN","CAN",74,206,2004,9,265,"L","Winnik","Daniel","LW/C","WSH",72,12,13,10,3,25,"CAN"
"389",650000,"93-10-05","Pelhrimov","CZE","CZE",73,194,2012,2,49,"R","Frk","Martin","RW","CAR",2,0,0,0,0,0,"Others"
"390",4100000,"87-06-06","Eksjo","SWE","SWE",75,197,2005,4,108,"L","Hjalmarsson","Niklas","D","CHI",73,5,13,7,6,18,"Others"
"391",742500,"94-01-23","Syracuse","USA","USA",75,219,2012,2,59,"L","Nieves","Cristoval","C/LW","NYR",1,0,0,0,0,0,"USA"
"392",1500000,"91-01-24","Windsor","CAN","CAN",75,207,2009,1,13,"R","Kassian","Zack","RW","EDM",79,7,17,8,9,24,"CAN"
"393",4250000,"78-12-20","Voskresensk","RUS","RUS",72,200,1998,6,162,"L","Markov","Andrei","D","MTL",62,6,30,21,9,36,"Others"
"394",832500,"95-04-05","London","CAN","CAN",72,223,2013,1,9,"L","Horvat","Bo","C","VAN",81,20,32,22,10,52,"CAN"
"395",575000,"88-09-24","Boston","USA","USA",73,198,2007,5,135,"L","Carey","Paul","C","WSH",6,0,0,0,0,0,"USA"
"397",925000,"92-12-10","Plantation","USA","USA",78,225,2012,7,210,"L","Megna","Jaycob","D","ANA",1,0,0,0,0,0,"USA"
"398",725000,"96-12-14","Joliette","CAN","CAN",75,204,2015,2,39,"L","Greer","A.J.","LW","COL",5,0,1,0,1,1,"CAN"
"399",4e+06,"83-08-13","Pardubice","CZE","CZE",72,185,2001,1,13,"R","Hemsky","Ales","RW","DAL",15,4,3,3,0,7,"Others"
"401",645000,"93-09-23","Helsinki","FIN","FIN",75,198,2012,6,176,"L","Lindbohm","Petteri","D","STL",7,0,0,0,0,0,"Others"
"402",8e+05,"92-04-20","Winnipeg","CAN","CAN",77,236,2010,1,10,"R","McIlrath","Dylan","D","FLA/NYR",6,1,0,0,0,1,"CAN"
"403",4500000,"95-09-02","Tampere","FIN","FIN",75,213,2013,1,2,"L","Barkov","Aleksander","C","FLA",61,21,31,21,10,52,"Others"
"406",2250000,"89-02-08","Calgary","CAN","CAN",72,189,2007,1,4,"L","Hickey","Thomas","D","NYI",76,4,16,5,11,20,"CAN"
"407",575000,"90-03-19","Sudbury","CAN","CAN",73,210,2008,2,50,"L","Gaunce","Cameron","D","PIT",12,1,3,3,0,4,"CAN"
"408",2500000,"83-05-13","Grand Ledge","USA","USA",75,236,2002,2,44,"R","Greene","Matt","D","L.A",26,1,1,0,1,2,"USA"
"409",817500,"97-04-15","Chicago","USA","USA",74,214,2015,2,32,"R","Fischer","Christian","RW","ARI",7,3,0,0,0,3,"USA"
"410",575000,"88-09-23","Morges","CHE","CHE",71,200,2007,3,73,"R","Weber","Yannick","D","NSH",73,1,7,5,2,8,"Others"
"412",2500000,"81-03-24","Bolton","USA","USA",75,210,2000,1,13,"L","Hainsey","Ron","D","CAR/PIT",72,4,13,8,5,17,"USA"
"413",8e+05,"90-03-23","Montreal","CAN","CAN",73,207,2008,6,152,"L","Barberio","Mark","D","COL/MTL",60,2,11,6,5,13,"CAN"
"414",925000,"94-04-11","Brantford","CAN","CAN",72,192,2014,2,55,"R","Montour","Brandon","D","ANA",27,2,4,2,2,6,"CAN"
"417",7500000,"85-04-10","Edmonton","CAN","CAN",75,219,2003,1,9,"L","Phaneuf","Dion","D","OTT",81,9,21,10,11,30,"CAN"
"419",4e+06,"79-01-12","Starˆ Lubovna","SVK","SVK",73,207,1997,1,12,"L","Hossa","Marian","RW","CHI",73,26,19,11,8,45,"Others"
"420",5600000,"83-09-27","Edmonton","CAN","CAN",76,221,2002,1,3,"L","Bouwmeester","Jay","D","STL",81,1,14,7,7,15,"CAN"
"421",925000,"98-06-25","Nizhnekamsk","RUS","RUS",75,215,2016,1,9,"L","Sergachev","Mikhail","D","MTL",4,0,0,0,0,0,"Others"
"424",2100000,"88-04-20","Hartford","USA","USA",73,196,2007,6,173,"L","Bonino","Nick","C","PIT",80,18,19,12,7,37,"USA"
"425",4500000,"90-10-29","Lipetsk","RUS","RUS",73,204,2009,1,14,"L","Kulikov","Dmitry","D","BUF",47,2,3,1,2,5,"Others"
"426",3250000,"81-10-04","Cobourg","CAN","CAN",73,188,2000,1,28,"R","Williams","Justin","RW","WSH",80,24,24,8,16,48,"CAN"
"427",1100000,"83-03-02","Kingston","CAN","CAN",73,205,2001,2,57,"L","McClement","Jay","C","CAR",65,5,3,2,1,8,"CAN"
"429",2750000,"88-08-05","Winnipeg","CAN","CAN",74,206,2008,4,111,"R","Weise","Dale","RW","PHI",64,8,7,4,3,15,"CAN"
"430",775000,"91-02-22","LaSalle","CAN","CAN",73,216,2009,3,84,"L","Deslauriers","Nicolas","LW","BUF",42,0,2,2,0,2,"CAN"
"431",715000,"94-07-18","Markham","CAN","CAN",72,200,2012,6,162,"L","Blandisi","Joseph","LW/C","N.J",27,3,6,4,2,9,"CAN"
"432",875000,"93-05-31","Pori","FIN","FIN",75,205,2011,1,16,"R","Armia","Joel","RW","WPG",57,10,9,6,3,19,"Others"
"433",2200000,"89-12-24","Brandon","CAN","CAN",71,188,2008,5,127,"L","Calvert","Matt","LW","CBJ",65,10,5,2,3,15,"CAN"
"434",1e+06,"92-12-05","Strathroy","CAN","CAN",74,205,2011,1,17,"L","Beaulieu","Nathan","D","MTL",74,4,24,14,10,28,"CAN"
"435",1300000,"91-01-14","Toronto","CAN","CAN",74,200,2009,1,15,"L","Holland","Peter","C","ARI/TOR",48,5,7,3,4,12,"CAN"
"437",4875000,"90-08-16","St. Malo","CAN","CAN",74,205,2008,2,53,"R","Hamonic","Travis","D","NYI",49,3,11,6,5,14,"CAN"
"438",925000,"95-07-28","Milwaukee","USA","USA",74,209,2013,4,118,"R","Fasching","Hudson","RW","BUF",10,0,1,1,0,1,"USA"
"439",3200000,"92-02-26","Oulu","FIN","FIN",70,184,2010,1,9,"L","Granlund","Mikael","C","MIN",81,26,43,31,12,69,"Others"
"440",925000,"93-04-20","Brockville","CAN","CAN",74,207,2012,5,147,"L","Hutton","Ben","D","VAN",71,5,14,6,8,19,"CAN"
"441",2600000,"84-01-19","Vienna","AUT","AUT",74,214,2003,1,5,"R","Vanek","Thomas","LW/RW","DET/FLA",68,17,31,21,10,48,"Others"
"442",2300000,"89-02-21","Ann Arbor","USA","USA",73,219,2007,1,18,"L","Cole","Ian","D","PIT",81,5,21,11,10,26,"USA"
"443",9e+05,"80-08-03","Thornhill","CAN","CAN",72,192,2000,3,95,"L","Moore","Dominic","C/LW","BOS",82,11,14,7,7,25,"CAN"
"445",1250000,"85-08-12","Kitchener","CAN","CAN",74,216,2003,4,132,"L","Quincey","Kyle","D","CBJ/N.J",73,6,9,5,4,15,"CAN"
"446",675000,"88-07-11","Winston-Salem","USA","USA",71,198,2008,6,169,"R","Smith","Ben","RW/C","COL/TOR",40,2,2,1,1,4,"USA"
"447",635000,"93-01-16","Brampton","CAN","CAN",75,205,2012,4,96,"L","Thomson","Ben","LW","N.J",3,0,0,0,0,0,"CAN"
"451",792500,"94-06-06","Oulu","FIN","FIN",73,186,2015,7,189,"L","Nutivaara","Markus","D","CBJ",66,2,5,1,4,7,"Others"
"452",4300000,"88-08-26","Scarborough","CAN","CAN",74,185,2007,2,61,"R","Simmonds","Wayne","RW/LW","PHI",82,31,23,13,10,54,"CAN"
"453",2e+06,"80-11-25","Indianapolis","USA","USA",70,185,2000,5,159,"L","Liles","John-Michael","D","BOS",36,0,5,3,2,5,"USA"
"454",832500,"94-01-16","Estevan","CAN","CAN",72,208,2012,1,8,"L","Pouliot","Derrick","D","PIT",11,0,0,0,0,0,"CAN"
"455",4e+06,"81-06-16","Grimsby","CAN","CAN",73,200,2001,5,151,"R","Bieksa","Kevin","D","ANA",81,3,11,2,9,14,"CAN"
"456",8750000,"85-07-24","Ancienne-Lorette","CAN","CAN",73,195,2003,2,45,"R","Bergeron","Patrice","C","BOS",79,21,32,21,11,53,"CAN"
"457",5500000,"88-06-09","Dorval","CAN","CAN",73,200,2008,7,186,"R","Demers","Jason","D","FLA",81,9,19,9,10,28,"CAN"
"458",1125000,"87-01-20","Winnipeg","CAN","CAN",73,225,2005,5,156,"R","Reaves","Ryan","RW","STL",80,7,6,5,1,13,"CAN"
"459",1050000,"89-03-18","Thunder Bay","CAN","CAN",76,221,2007,3,78,"R","Bortuzzo","Robert","D","STL",38,1,3,2,1,4,"CAN"
"460",7e+05,"92-11-24","Stockholm","SWE","SWE",73,200,2011,5,126,"L","Claesson","Fredrik","D","OTT",33,3,8,3,5,11,"Others"
"461",5250000,"90-07-15","Massena","USA","USA",75,228,2008,1,3,"R","Bogosian","Zach","D","BUF",56,2,9,4,5,11,"USA"
"462",5e+06,"95-09-01","Halifax","CAN","CAN",72,205,2013,1,1,"R","MacKinnon","Nathan","C/RW","COL",82,16,37,25,12,53,"CAN"
"463",625000,"91-05-27","Walpole","USA","USA",72,195,2010,5,122,"R","Wagner","Chris","C/RW","ANA",43,6,1,1,0,7,"USA"
"464",4500000,"80-06-04","Sorel","CAN","CAN",73,208,1998,3,75,"L","Beauchemin","Francois","D","COL",81,5,13,8,5,18,"CAN"
"465",950000,"88-04-14","Saskatoon","CAN","CAN",76,225,2006,3,68,"R","Gryba","Eric","D","EDM",40,2,4,3,1,6,"CAN"
"466",1100000,"92-11-11","Ottawa","CAN","CAN",70,180,2011,4,96,"R","Pageau","Jean-Gabriel","C","OTT",82,12,21,10,11,33,"CAN"
"468",4500000,"85-08-17","Vancouver","CAN","CAN",75,215,2004,7,214,"R","Brouwer","Troy","RW","CGY",74,13,12,5,7,25,"CAN"
"469",1250000,"83-03-24","Hull","CAN","CAN",72,200,2001,9,264,"R","Parenteau","PA","RW","N.J/NSH",67,13,15,8,7,28,"CAN"
"470",692500,"95-07-01","Buffalo","USA","USA",75,214,2013,2,52,"R","Bailey","Justin","RW","BUF",32,2,2,1,1,4,"USA"
"471",925000,"94-08-16","Toronto","CAN","CAN",75,210,2012,3,65,"L","Pelech","Adam","D","NYI",44,3,7,1,6,10,"CAN"
"472",4838000,"90-06-07","Chatham","CAN","CAN",73,182,2008,4,114,"L","Brodie","T.J.","D","CGY",82,6,30,14,16,36,"CAN"
"474",5200000,"89-12-16","Brondby","DNK","DNK",72,210,2008,1,8,"L","Boedker","Mikkel","LW/RW","S.J",81,10,16,10,6,26,"Others"
"475",6e+05,"93-02-12","Plano","USA","USA",73,205,2011,1,21,"R","Noesen","Stefan","RW","ANA/N.J",44,8,2,1,1,10,"USA"
"476",925000,"94-07-08","Ann Arbor","USA","USA",73,206,2013,4,104,"L","Copp","Andrew","C","WPG",64,9,8,6,2,17,"USA"
"477",4750000,"87-01-01","Sollentuna","SWE","SWE",71,189,2005,7,230,"R","Hornqvist","Patric","RW","PIT",70,21,23,15,8,44,"Others"
"478",650000,"94-01-14","Toronto","CAN","CAN",72,185,2012,6,156,"R","Brown","Connor","RW","TOR",82,20,16,10,6,36,"CAN"
"479",4500000,"90-02-06","Brantford","CAN","CAN",72,195,2008,3,82,"L","Henrique","Adam","C","N.J",82,20,20,13,7,40,"CAN"
"480",8e+05,"94-02-02","Fergus","CAN","CAN",72,185,2012,2,47,"L","McGinn","Brock","LW","CAR",57,7,9,6,3,16,"CAN"
"481",925000,"92-10-24","Eden Prairie","USA","USA",68,178,2011,3,91,"L","Rau","Kyle","C","FLA",24,2,1,0,1,3,"USA"
"482",1e+06,"91-12-02","Nassjo","SWE","SWE",72,190,2010,6,157,"R","Fast","Jesper","RW/LW","NYR",68,6,15,10,5,21,"Others"
"483",2e+06,"84-12-18","Hingham","USA","USA",78,244,2003,1,26,"L","Boyle","Brian","C/LW","T.B/TOR",75,13,12,7,5,25,"USA"
"484",925000,"94-02-27","Pointe-Claire","CAN","CAN",74,192,2012,1,23,"L","Matheson","Michael","D","FLA",81,7,10,7,3,17,"CAN"
"486",832500,"95-02-02","Salmon Arm","CAN","CAN",72,209,2013,1,17,"R","Lazar","Curtis","C/RW","CGY/OTT",37,1,3,1,2,4,"CAN"
"488",3500000,"90-10-22","St. Hyacinthe","CAN","CAN",74,227,2009,4,94,"R","Savard","David","D","CBJ",74,6,17,8,9,23,"CAN"
"489",1750000,"90-11-19","Winnetka","USA","USA",75,210,2009,1,21,"L","Moore","John","D","N.J",63,12,10,4,6,22,"USA"
"490",875000,"93-02-24","Victoriaville","CAN","CAN",73,193,2011,1,26,"L","Danault","Phillip","LW/C","MTL",82,13,27,15,12,40,"CAN"
"491",1e+06,"93-03-23","Omsk","RUS","CZE",74,196,2011,2,41,"L","Jaskin","Dmitrij","RW/LW","STL",51,1,10,5,5,11,"Others"
"492",575000,"90-10-06","Ville Degelis","CAN","CAN",70,190,2009,5,139,"R","Dumont","Gabriel","C","T.B",39,2,2,2,0,4,"CAN"
"493",5750000,"86-12-06","Virginia","USA","USA",73,200,2005,1,28,"R","Niskanen","Matt","D","WSH",78,5,34,17,17,39,"USA"
"494",1250000,"92-01-11","Sherwood Park","CAN","CAN",73,200,2010,1,23,"R","Pysyk","Mark","D","FLA",82,4,13,3,10,17,"CAN"
"495",7e+05,"91-10-29","Skellefteë","SWE","SWE",73,202,2010,2,57,"L","Lindberg","Oscar","C","NYR",65,8,12,6,6,20,"Others"
"496",925000,"94-08-30","Yekaterinburg","RUS","RUS",79,265,2014,3,66,"L","Tryamkin","Nikita","D","VAN",66,2,7,3,4,9,"Others"
"497",13800000,"88-04-29","Winnipeg","CAN","CAN",74,201,2006,1,3,"L","Toews","Jonathan","C","CHI",72,21,37,21,17,58,"CAN"
"498",8e+06,"85-12-12","Maple Ridge","CAN","CAN",75,200,2004,1,4,"L","Ladd","Andrew","LW","NYI",78,23,8,7,1,31,"CAN"
"499",1e+06,"92-02-03","Oklahoma City","USA","USA",75,205,2010,2,38,"L","Merrill","Jon","D","N.J",51,1,5,1,4,6,"USA"
"500",925000,"97-05-05","Markham","CAN","CAN",72,170,2015,1,4,"R","Marner","Mitchell","C/RW","TOR",77,19,42,24,18,61,"CAN"
"501",6e+05,"93-03-26","Toronto","CAN","CAN",72,205,2011,5,150,"R","Corrado","Frank","D","PIT/TOR",4,0,0,0,0,0,"CAN"
"502",832500,"95-04-16","Moscow","RUS","RUS",77,230,2013,1,16,"L","Zadorov","Nikita","D","COL",56,0,10,7,3,10,"Others"
"503",2750000,"84-12-13","Kitchener","CAN","CAN",73,206,2003,2,37,"R","Klein","Kevin","D","NYR",60,3,11,6,5,14,"CAN"
"504",4250000,"86-07-14","Magnitogorsk","RUS","RUS",73,225,2006,2,44,"L","Kulemin","Nikolay","LW/RW","NYI",72,12,11,7,4,23,"Others"
"505",3100000,"94-02-12","Milwaukee","USA","USA",73,210,2012,1,3,"L","Galchenyuk","Alex","C/LW","MTL",61,17,27,16,11,44,"USA"
"507",2250000,"82-08-25","Strasbourg","CAN","CAN",73,203,2000,2,33,"L","Schultz","Nick","D","PHI",28,0,4,3,1,4,"CAN"
"509",6e+05,"94-08-07","Melville","CAN","CAN",74,205,2012,2,60,"R","Severson","Damon","D","N.J",80,3,28,13,15,31,"CAN"
"510",625000,"84-09-30","Wethersfield","USA","USA",74,219,2003,2,51,"R","McDonald","Colin","RW/C","PHI",3,1,0,0,0,1,"USA"
"511",4e+06,"88-06-07","Windsor","CAN","CAN",72,203,2006,4,112,"L","Beleskey","Matt","LW","BOS",49,3,5,1,4,8,"CAN"
"512",2400000,"86-02-18","Meadow Lake","CAN","CAN",73,202,2004,2,47,"R","Comeau","Blake","LW/RW","COL",77,8,12,6,6,20,"CAN"
"513",867500,"93-10-09","Toronto","CAN","CAN",72,200,2012,2,38,"L","Di Giuseppe","Phillip","LW","CAR",36,1,6,3,3,7,"CAN"
"514",1300000,"85-01-30","Greenfield Park","CAN","CAN",71,190,2004,4,126,"R","Mitchell","Torrey","C/RW","MTL",78,8,9,4,5,17,"CAN"
"515",575000,"92-02-05","Bern","CHE","CHE",71,192,2013,7,186,"L","Vermin","Joel","RW","T.B",18,0,3,0,3,3,"Others"
"516",832500,"95-03-28","Calgary","CAN","CAN",72,195,2013,1,13,"L","Morrissey","Josh","D","WPG",82,6,14,9,5,20,"CAN"
"517",7e+06,"87-11-23","G_vle","SWE","SWE",73,213,2006,1,4,"L","Backstrom","Nicklas","C","WSH",82,23,63,32,31,86,"Others"
"518",7e+05,"94-05-07","Burlington","CAN","CAN",75,221,2012,4,95,"R","Anderson","Josh","RW","CBJ",78,17,12,8,4,29,"CAN"
"519",850000,"93-04-16","Oulu","FIN","FIN",72,183,2011,2,45,"L","Granlund","Markus","C","VAN",69,19,13,8,5,32,"Others"
"520",925000,"96-04-27","Guildford","GBR","GBR",75,211,2014,1,12,"L","Perlini","Brendan","LW","ARI",57,14,7,3,4,21,"Others"
"522",4250000,"89-05-08","Rodovre","DNK","DNK",74,207,2007,1,13,"L","Eller","Lars","C/LW/RW","WSH",81,12,13,6,7,25,"Others"
"523",925000,"95-04-17","Cherepovets","RUS","RUS",74,193,2013,3,75,"L","Buchnevich","Pavel","RW/LW","NYR",41,8,12,6,6,20,"Others"
"524",1850000,"81-06-17","Blaine","USA","USA",72,209,2000,5,131,"L","Hendricks","Matt","LW/C","EDM",42,4,3,0,3,7,"USA"
"525",5e+06,"87-09-22","Hull","CAN","CAN",73,204,2006,1,6,"L","Brassard","Derick","C","OTT",81,14,25,12,13,39,"CAN"
"526",925000,"95-10-27","Cologne","DEU","DEU",73,216,2014,1,3,"L","Draisaitl","Leon","C","EDM",82,29,48,31,17,77,"Others"
"527",615000,"94-03-24","Cambridge","CAN","CAN",75,210,2012,6,161,"R","Dotchin","Jake","D","T.B",35,0,11,3,8,11,"CAN"
"528",4e+06,"93-07-12","Karlstad","SWE","SWE",73,193,2011,1,10,"L","Brodin","Jonas","D","MIN",68,3,22,8,14,25,"Others"
"529",715000,"93-07-29","Bayonne","FRA","FRA",73,208,2011,2,48,"L","Ouellet","Xavier","D","DET",66,3,9,5,4,12,"Others"
"531",874125,"93-09-07","Edmonton","CAN","CAN",75,210,2011,1,11,"L","Siemens","Duncan","D","COL",3,0,0,0,0,0,"CAN"
"532",5e+06,"88-05-11","Halifax","CAN","CAN",69,181,2006,3,71,"L","Marchand","Brad","LW/C","BOS",80,39,46,23,23,85,"CAN"
"533",1e+06,"81-06-13","Mlada Boleslav","CZE","CZE",73,194,1999,7,212,"R","Vrbata","Radim","RW","ARI",81,20,35,24,11,55,"Others"
"534",1e+06,"93-01-08","Marsta","SWE","SWE",73,189,2011,2,53,"L","Karlsson","William","C","CBJ",81,6,19,13,6,25,"Others"
"536",2250000,"91-08-10","Buffalo","USA","CAN",75,228,2009,4,104,"L","Foligno","Marcus","LW","BUF",80,13,10,4,6,23,"CAN"
"537",950000,"86-05-13","Lethbridge","CAN","CAN",71,176,2004,5,134,"R","Versteeg","Kris","RW/LW","CGY",69,15,22,10,12,37,"CAN"
"538",1200000,"83-06-03","Sault Ste. Marie","CAN","CAN",75,235,2001,2,50,"R","Thorburn","Chris","RW/LW","WPG",64,3,1,1,0,4,"CAN"
"540",5e+06,"88-02-17","Kladno","CZE","CZE",73,194,2006,1,10,"L","Frolik","Michael","RW/C","CGY",82,17,27,11,16,44,"Others"
"541",6500000,"84-03-01","Winnipeg","CAN","SWE",72,211,2002,1,24,"L","Steen","Alex","LW/C","STL",76,16,35,20,15,51,"Others"
"542",9e+05,"93-06-28","Brandon","CAN","CAN",76,220,2011,2,46,"L","Edmundson","Joel","D","STL",69,3,12,5,7,15,"CAN"
"543",1.2e+07,"85-08-14","Sicamous","CAN","CAN",76,232,2003,2,49,"R","Weber","Shea","D","MTL",78,17,25,9,16,42,"CAN"
"544",925000,"96-10-29","Nousiainen","FIN","FIN",76,211,2015,1,10,"L","Rantanen","Mikko","RW","COL",75,20,18,10,8,38,"Others"
"545",925000,"97-01-29","Karlstad","SWE","SWE",74,197,2015,1,20,"L","Eriksson Ek","Joel","C/RW/LW","MIN",15,3,4,2,2,7,"Others"
"547",5e+06,"84-03-20","Vantaa","FIN","FIN",72,196,2002,3,95,"L","Filppula","Valtteri","C/LW","PHI/T.B",79,12,30,21,9,42,"Others"
"548",1500000,"86-01-17","Gothenburg","SWE","SWE",75,209,2006,6,161,"L","Stalberg","Viktor","LW/RW","CAR/OTT",75,11,5,5,0,16,"Others"
"549",2725000,"87-07-02","Trebic","CZE","CZE",70,197,2005,4,106,"L","Sobotka","Vladimir","LW/C","STL",1,1,0,0,0,1,"Others"
"550",670000,"94-04-16","Toronto","CAN","CAN",70,190,2012,4,104,"L","Smith","Gemel","C","DAL",17,3,3,1,2,6,"CAN"
"552",3250000,"79-01-18","Rochester","USA","USA",67,178,1998,3,82,"R","Gionta","Brian","RW","BUF",82,15,20,14,6,35,"USA"
"553",925000,"96-01-22","Toronto","CAN","CAN",72,173,2014,1,28,"R","Ho-Sang","Joshua","RW/C","NYI",21,4,6,5,1,10,"CAN"
"554",2e+06,"92-01-16","Newport Beach","USA","USA",71,187,2010,2,59,"L","Zucker","Jason","LW/RW","MIN",79,22,25,16,9,47,"USA"
"556",925000,"95-12-03","Jyv_skyl_","FIN","FIN",71,195,2014,1,14,"R","Honka","Julius","D","DAL",16,1,4,4,0,5,"Others"
"557",3500000,"87-11-18","Welland","CAN","CAN",71,218,2006,3,72,"R","Clutterbuck","Cal","RW","NYI",66,5,15,10,5,20,"CAN"
"558",925000,"94-05-25","Edmonton","CAN","CAN",73,195,2012,6,175,"R","Benning","Matthew","D","EDM",62,3,12,6,6,15,"CAN"
"560",640000,"93-04-08","Skellefteë","SWE","SWE",69,180,2014,4,112,"R","Arvidsson","Viktor","LW/RW","NSH",80,31,30,14,16,61,"Others"
"561",925000,"95-05-20","Arvika","SWE","SWE",75,214,2013,2,34,"L","De la Rose","Jacob","LW","MTL",9,0,0,0,0,0,"Others"
"562",1900000,"92-11-22","Zhukovskiy","RUS","RUS",71,180,2011,1,27,"L","Namestnikov","Vladislav","C/LW","T.B",74,10,18,9,9,28,"Others"
"563",925000,"96-01-22","Mississauga","CAN","CAN",70,195,2014,1,21,"L","Fabbri","Robby","C/LW","STL",51,11,18,12,6,29,"CAN"
"564",4e+06,"91-03-28","Frydek-Mistek","CZE","CZE",72,188,2011,7,208,"L","Palat","Ondrej","LW","T.B",75,17,35,17,18,52,"Others"
"565",6500000,"85-03-21","Rochester","USA","USA",70,187,2004,4,127,"R","Callahan","Ryan","RW","T.B",18,2,2,1,1,4,"USA"
"566",7e+05,"91-04-12","Norrkoping","SWE","SWE",75,203,2009,1,10,"L","Paajarvi","Magnus","LW","STL",32,8,5,3,2,13,"Others"
"567",925000,"97-03-11","London","CAN","CAN",70,175,2015,1,24,"R","Konecny","Travis","C/LW","PHI",70,11,17,10,7,28,"CAN"
"568",925000,"93-05-26","Boston","USA","USA",75,207,2012,3,66,"L","Vesey","Jimmy","LW","NYR",80,16,11,7,4,27,"USA"
"569",1025000,"89-12-07","Esbjerg","DNK","DNK",73,185,2008,5,149,"R","Larsen","Philip","D","VAN",26,1,5,4,1,6,"Others"
"570",925000,"96-02-14","Aalborg","DNK","DNK",72,172,2014,1,9,"L","Ehlers","Nikolaj","LW","WPG",82,25,39,20,19,64,"Others"
"571",925000,"94-03-26","Lakeville","USA","USA",75,211,2012,1,28,"L","Skjei","Brady","D","NYR",80,5,34,13,21,39,"USA"
"573",6e+06,"91-11-14","Calgary","CAN","CAN",73,201,2010,1,1,"L","Hall","Taylor","LW/C","N.J",72,20,33,22,11,53,"CAN"
"574",2500000,"93-10-06","Nizhnekamsk","RUS","RUS",71,195,2012,1,1,"L","Yakupov","Nail","RW/LW","STL",40,3,6,3,3,9,"Others"
"575",667500,"94-04-03","Chicago","USA","USA",69,173,2012,6,169,"R","Hinostroza","Vinnie","LW/C","CHI",49,6,8,4,4,14,"USA"
"576",3700000,"85-02-27","Shaunavon","CAN","CAN",77,223,2003,1,8,"L","Coburn","Braydon","D","T.B",80,5,7,4,3,12,"CAN"
"578",925000,"97-01-30","Boston","USA","USA",72,183,2015,1,21,"R","White","Colin","C/D","OTT",2,0,0,0,0,0,"USA"
"579",832500,"95-07-12","Lac-Beauport","CAN","CAN",78,202,2013,1,11,"L","Morin","Samuel","D","PHI",1,0,0,0,0,0,"CAN"
"581",832500,"94-03-25","Sudbury","CAN","CAN",74,217,2012,1,26,"L","Gaunce","Brendan","C/LW","VAN",57,0,5,2,3,5,"CAN"
"582",7e+06,"80-09-26","Ornskoldsvik","SWE","SWE",73,190,1999,1,2,"L","Sedin","Daniel","LW","VAN",82,15,29,22,7,44,"Others"
"583",925000,"98-04-19","Tampere","FIN","FIN",77,206,2016,1,2,"R","Laine","Patrik","RW","WPG",73,36,28,13,15,64,"Others"
"584",925000,"97-04-06","Brno","CZE","CZE",75,210,2015,1,6,"L","Zacha","Pavel","C","N.J",70,8,16,11,5,24,"Others"
"585",3750000,"93-07-11","Pittsburgh","USA","USA",70,182,2011,3,64,"R","Trocheck","Vincent","C/RW","FLA",82,23,31,16,15,54,"USA"
"586",6e+06,"83-03-20","Kitchener","CAN","CAN",72,202,2002,8,241,"R","Wideman","Dennis","D","CGY",57,5,13,6,7,18,"CAN"
"587",750000,"93-03-31","Aurora","CAN","CAN",71,185,2011,1,12,"R","Murphy","Ryan","D","CAR",27,0,2,1,1,2,"CAN"
"588",7e+06,"90-01-18","King City","CAN","CAN",75,205,2008,1,4,"R","Pietrangelo","Alex","D","STL",80,14,34,17,17,48,"CAN"
"589",640000,"96-10-08","Quebec City","CAN","CAN",71,174,2015,4,115,"R","Carrier","Alex","D","NSH",2,0,0,0,0,0,"CAN"
"590",3e+06,"88-08-05","Fergus","CAN","CAN",73,205,2006,2,36,"L","McGinn","Jamie","LW/RW","ARI",72,9,8,4,4,17,"CAN"
"591",925000,"94-10-23","Farevejle","DNK","DNK",73,182,2013,2,45,"R","Sorensen","Nick","RW","ANA",5,0,1,0,1,1,"Others"
"592",925000,"97-05-26","Coquitlam","CAN","CAN",72,182,2015,1,16,"R","Barzal","Mathew","C","NYI",2,0,0,0,0,0,"CAN"
"593",3e+06,"90-10-13","G_vle","SWE","SWE",74,196,2009,2,39,"R","Silfverberg","Jakob","RW/LW","ANA",79,23,26,15,11,49,"Others"
"594",3750000,"92-05-13","Winnipeg","CAN","CAN",75,206,2010,6,178,"R","Stone","Mark","RW","OTT",71,22,32,17,15,54,"CAN"
"595",9500000,"86-07-31","Magnitogorsk","RUS","RUS",75,195,2004,1,2,"L","Malkin","Evgeni","C/RW","PIT",62,33,39,26,13,72,"Others"
"596",1250000,"92-02-25","Stockholm","SWE","SWE",73,189,2010,3,90,"L","Nordstrom","Joakim","LW/C","CAR",82,7,5,2,3,12,"Others"
"597",925000,"97-06-08","Sorel-Tracy","CAN","CAN",71,170,2015,1,28,"L","Beauvillier","Anthony","C/LW","NYI",66,9,15,8,7,24,"CAN"
"598",842500,"93-09-23","Stockholm","SWE","SWE",71,196,2012,2,37,"R","Aberg","Pontus","LW","NSH",15,1,1,0,1,2,"Others"
"599",4e+06,"89-09-05","Madison","USA","USA",73,208,2009,4,98,"R","Smith","Craig","RW/LW/C","NSH",78,12,17,13,4,29,"USA"
"600",2700000,"84-04-27","Rochester","USA","USA",74,215,2003,1,21,"L","Stuart","Mark","D","WPG",42,2,2,1,1,4,"USA"
"601",5e+06,"87-01-13","Indianapolis","USA","USA",73,226,2005,1,3,"L","Johnson","Jack","D","CBJ",82,5,18,6,12,23,"USA"
"602",575000,"93-03-09","Raahe","FIN","FIN",71,203,2011,2,52,"L","Salomaki","Miikka","RW","NSH",5,0,0,0,0,0,"Others"
"603",6e+05,"90-09-21","St. Paul","USA","USA",72,196,2009,5,150,"R","Jensen","Nick","D","DET",49,4,9,5,4,13,"USA"
"604",3700000,"89-10-02","Bowmanville","CAN","CAN",73,210,2008,1,9,"L","Bailey","Josh","RW/LW/C","NYI",82,13,43,30,13,56,"CAN"
"605",6500000,"79-09-15","Aneroid","CAN","CAN",74,215,1997,1,2,"L","Marleau","Patrick","LW/C","S.J",82,27,19,7,12,46,"CAN"
"607",680000,"93-04-16","Burnsville","USA","USA",77,210,2011,4,101,"L","Labate","Joseph","C","VAN",13,0,0,0,0,0,"USA"
"608",6e+05,"92-09-26","Denver","USA","USA",73,201,2011,3,82,"R","Shore","Nick","C","L.A",70,6,11,6,5,17,"USA"
"609",9e+06,"85-01-21","Madison","USA","USA",74,206,2003,1,7,"L","Suter","Ryan","D","MIN",82,9,31,10,21,40,"USA"
"610",4250000,"87-03-30","Montreal","CAN","CAN",73,205,2005,2,35,"L","Vlasic","Marc-Edouard","D","S.J",75,6,22,14,8,28,"CAN"
"611",7e+06,"82-10-31","Kladno","CZE","CZE",71,196,2001,3,71,"L","Plekanec","Tomas","C","MTL",78,10,18,9,9,28,"Others"
"612",925000,"93-05-12","St. Albert","CAN","CAN",78,226,2012,3,86,"R","Parayko","Colton","D","STL",81,4,31,17,14,35,"CAN"
"613",7e+06,"88-11-05","Ithaca","USA","USA",72,216,2003,1,13,"R","Brown","Dustin","RW/LW","L.A",80,14,22,9,13,36,"USA"
"614",925000,"00-02-29","Prague","CZE","CZE",72,195,2014,1,13,"L","Vrana","Jakub","LW","WSH",21,3,3,2,1,6,"Others"
"615",2e+06,"92-04-24","St. Louis","USA","USA",75,227,2007,6,161,"L","Maroon","Patrick","LW","EDM",81,27,15,9,6,42,"USA"
"616",667500,"99-07-05","Piikkio","FIN","FIN",72,182,2013,2,55,"L","Lehkonen","Artturi","LW","MTL",73,18,10,3,7,28,"Others"
"617",6e+05,"96-10-27","Niagara Falls","USA","USA",72,196,2011,2,36,"R","Clendening","Adam","D","NYR",31,2,9,2,7,11,"USA"
"618",1400000,"87-01-11","Bloomington","USA","USA",74,210,2002,4,129,"R","Gilbert","Tom","D","L.A",18,1,4,4,0,5,"USA"
"619",1600000,"95-10-22","Kazan","RUS","RUS",73,180,2010,1,8,"L","Burmistrov","Alex","C/RW","ARI/WPG",49,5,11,8,3,16,"Others"
"620",7500000,"87-06-14","Toronto","CAN","CAN",75,210,2001,1,2,"R","Spezza","Jason","C","DAL",68,15,35,15,20,50,"CAN"
"621",4500000,"89-04-07","Lloydminster","CAN","CAN",72,192,2003,3,74,"L","MacArthur","Clarke","LW","OTT",4,0,0,0,0,0,"CAN"
"622",6e+06,"98-08-14","Ostervala","SWE","SWE",73,205,2012,1,11,"R","Forsberg","Filip","LW/C/RW","NSH",82,31,27,17,10,58,"Others"
"623",767500,"99-03-28","Repentigny","CAN","CAN",73,180,2013,2,39,"L","Dauphin","Laurent","C","ARI",24,2,1,1,0,3,"CAN"
"624",725000,"95-11-28","Gardena","USA","USA",74,195,2010,1,20,"R","Bennett","Beau","RW/LW","N.J",65,8,11,7,4,19,"USA"
"625",5750000,"90-07-06","Nizhny Tagil","RUS","RUS",74,205,2004,1,15,"L","Radulov","Alex","RW","MTL",76,18,36,26,10,54,"Others"
"626",4e+06,"94-06-25","Stouffville","CAN","CAN",72,195,2008,1,20,"L","Del Zotto","Michael","D","PHI",51,6,12,7,5,18,"CAN"
"627",1.4e+07,"91-08-25","Jesenice","SVN","SVN",75,224,2005,1,11,"L","Kopitar","Anze","C","L.A",76,12,40,22,18,52,"Others"
"628",5200000,"93-01-30","New Rochelle","USA","USA",72,209,2007,1,14,"R","Shattenkirk","Kevin","D","STL/WSH",80,13,43,21,22,56,"USA"
"629",575000,"96-01-02","Toronto","CAN","CAN",73,195,2010,5,129,"R","Hamilton","Freddie","C","CGY",26,2,0,0,0,2,"CAN"
"631",575000,"97-02-26","Belleville","CAN","CAN",72,200,2013,6,166,"L","Quine","Alan","C","NYI",61,5,13,6,7,18,"CAN"
"632",925000,"99-09-14","Buffalo","USA","USA",74,195,2013,4,100,"L","Wood","Miles","LW","N.J",60,8,9,5,4,17,"USA"
"633",7e+05,"95-02-23","Golden","CAN","CAN",74,205,2009,6,159,"L","McKenzie","Curtis","LW","DAL",53,6,10,5,5,16,"CAN"
"634",650000,"97-03-22","Zurich","CHE","CHE",70,188,2013,3,86,"L","Andrighetto","Sven","RW","COL/MTL",46,7,17,9,8,24,"Others"
"635",950000,"96-07-26","Lau","SWE","SWE",71,200,2010,2,56,"L","Larsson","Johan","C/LW","BUF",36,6,5,2,3,11,"Others"
"636",3500000,"91-05-16","Nashua","USA","USA",75,212,2005,5,155,"R","Fayne","Mark","D","EDM",4,0,2,2,0,2,"USA"
"637",3e+06,"91-02-11","Sumperk","CZE","CZE",75,199,2005,1,19,"L","Kindl","Jakub","D","FLA",39,0,4,3,1,4,"Others"
"638",667500,"98-11-30","Skellefteë","SWE","SWE",71,191,2014,5,144,"L","Lindholm","Anton","D","COL",12,0,0,0,0,0,"Others"
"639",7250000,"90-04-29","Sternberk","CZE","CZE",72,186,2004,2,63,"R","Krejci","David","C","BOS",82,23,31,23,8,54,"Others"
"640",842500,"98-04-23","Saskatoon","CAN","CAN",72,204,2012,3,77,"L","Stephenson","Chandler","C","WSH",4,0,0,0,0,0,"CAN"
"641",1650000,"91-10-06","Villach","AUT","AUT",73,185,2006,1,14,"L","Grabner","Michael","RW","NYR",76,27,13,9,4,40,"Others"
"642",3800000,"91-02-11","Minneapolis","USA","USA",74,205,2007,7,201,"R","Braun","Justin","D","S.J",81,4,9,4,5,13,"USA"
"643",3250000,"97-04-19","Huddinge","SWE","SWE",74,215,2011,1,6,"R","Zibanejad","Mika","C/RW","NYR",56,14,23,8,15,37,"Others"
"644",802500,"98-05-24","Vantaa","FIN","FIN",75,215,2012,3,74,"L","Lindell","Esa","D","DAL",73,6,12,5,7,18,"Others"
"645",1e+06,"97-03-30","St. Louis","USA","USA",77,210,2011,3,67,"L","Lowry","Adam","C/LW","WPG",82,15,14,7,7,29,"USA"
"646",650000,"98-04-14","Orland Park","USA","USA",71,195,2012,5,137,"R","Carrick","Connor","D","TOR",67,2,6,4,2,8,"USA"
"647",7e+05,"92-04-05","Montreal","CAN","CAN",70,193,2006,5,147,"R","Biega","Alex","D","VAN",36,0,3,1,2,3,"CAN"
"649",925000,"01-04-30","Ljungby","SWE","SWE",74,191,2015,1,27,"L","Larsson","Jacob","D","ANA",4,0,0,0,0,0,"Others"
"650",575000,"88-03-30","Bonavista","CAN","CAN",76,227,2004,6,173,"L","Pardy","Adam","D","NSH",4,0,0,0,0,0,"CAN"
"652",4e+06,"84-06-06","Peterborough","CAN","CAN",73,216,1998,2,44,"R","Fisher","Mike","C","NSH",72,18,24,17,7,42,"CAN"
"653",925000,"00-11-01","Yuzhno-Sakhalinsk","RUS","RUS",75,205,2015,1,19,"L","Svechnikov","Evgeny","RW/LW","DET",2,0,0,0,0,0,"Others"
"654",792500,"98-01-06","Charlestown","USA","USA",69,174,2012,3,85,"L","Grzelcyk","Matt","D","BOS",2,0,0,0,0,0,"USA"
"655",6e+06,"88-04-25","Herning","DNK","DNK",73,188,2002,3,87,"L","Nielsen","Frans","C","DET",79,17,24,12,12,41,"Others"
"657",925000,"97-10-09","Madison","USA","USA",74,190,2012,1,25,"R","Schmaltz","Jordan","D","STL",9,0,2,1,1,2,"USA"
"658",1550000,"96-08-11","Kitchener","CAN","CAN",73,204,2012,1,30,"L","Pearson","Tanner","LW","L.A",80,24,20,14,6,44,"CAN"
"659",3250000,"93-02-09","Mimico","CAN","CAN",74,211,2007,1,27,"L","Smith","Brendan","D","DET/NYR",51,3,6,6,0,9,"CAN"
"661",4e+06,"94-01-11","Natick","USA","USA",75,215,2008,1,27,"R","Carlson","John","D","WSH",72,9,28,18,10,37,"USA"
"662",3876134,"80-10-11","Halkirk","CAN","CAN",73,223,1995,1,7,"R","Doan","Shane","RW/LW","ARI",74,6,21,17,4,27,"CAN"
"663",3475000,"94-05-28","Stockholm","SWE","SWE",72,186,2009,5,149,"L","Kruger","Marcus","C","CHI",70,5,12,4,8,17,"Others"
"664",2900000,"90-11-10","Orebro","SWE","SWE",74,197,2007,7,194,"L","Gunnarsson","Carl","D","STL",56,0,6,3,3,6,"Others"
"665",2900000,"97-06-16","Dorchester","CAN","CAN",74,216,2011,2,37,"L","Jenner","Boone","C/LW","CBJ",82,18,16,9,7,34,"CAN"
"666",1400000,"94-07-07","Kelowna","CAN","CAN",74,193,2008,2,43,"R","Schultz","Justin","D","PIT",78,12,39,15,24,51,"CAN"
"667",650000,"92-02-26","Edina","USA","USA",73,180,2006,2,63,"R","McBain","Jamie","D","ARI",3,0,0,0,0,0,"USA"
"668",2300000,"93-11-22","Boston","USA","USA",77,215,2008,2,60,"R","Hayes","Jimmy","RW","BOS",58,2,3,2,1,5,"USA"
"669",4200000,"90-04-26","Togliatti","RUS","RUS",74,218,2004,3,84,"L","Emelin","Alexei","D","MTL",76,2,8,3,5,10,"Others"
"670",5760000,"89-03-10","Barrie","CAN","CAN",77,230,2003,1,20,"R","Burns","Brent","D/RW","S.J",82,29,47,27,20,76,"CAN"
"671",5e+06,"81-07-02","Edmonton","CAN","CAN",73,210,1995,1,11,"R","Iginla","Jarome","RW","COL/L.A",80,14,13,10,3,27,"CAN"
"672",9e+06,"89-04-21","Richmond","CAN","CAN",75,220,2003,1,14,"R","Seabrook","Brent","D","CHI",79,3,36,16,20,39,"CAN"
"673",6250000,"86-12-01","Repentigny","CAN","USA",72,181,2001,2,55,"R","Pominville","Jason","RW","MIN",78,13,34,19,15,47,"USA"
"674",575000,"94-04-15","Holland","USA","USA",74,217,2008,6,160,"R","Witkowski","Luke","D","T.B",34,0,4,0,4,4,"USA"
"676",4450000,"93-09-15","Halifax","CAN","CAN",73,196,2007,3,77,"L","Killorn","Alex","LW/C","T.B",81,19,17,11,6,36,"CAN"
"677",5500000,"91-11-01","Buffalo","USA","USA",72,205,2006,1,28,"L","Foligno","Nick","LW/RW","CBJ",79,26,25,14,11,51,"USA"
"678",2750000,"96-08-15","Gothenburg","SWE","SWE",74,180,2010,5,131,"R","Klingberg","John","D","DAL",80,13,36,21,15,49,"Others"
"680",667500,"96-10-07","Regina","CAN","CAN",70,176,2011,6,174,"R","Archibald","Josh","RW","PIT",10,3,0,0,0,3,"CAN"
"681",7e+05,"96-06-18","St. Thomas","CAN","CAN",72,191,2010,3,62,"L","McKegg","Greg","C","FLA/T.B",46,3,4,3,1,7,"CAN"
"682",9e+05,"90-05-14","Charlotte","USA","USA",75,209,2005,4,101,"R","Boll","Jared","RW","ANA",51,0,3,3,0,3,"USA"
"683",8e+05,"94-01-08","St. Louis","USA","USA",70,180,2009,4,100,"R","Wideman","Chris","D","OTT",76,5,12,8,4,17,"USA"
"684",768150,"98-02-16","Saskatoon","CAN","CAN",70,174,2012,4,117,"L","Leier","Taylor","LW","PHI",10,1,1,0,1,2,"CAN"
"685",2600000,"96-03-03","E. Weymouth","USA","USA",75,221,2010,1,28,"R","Coyle","Charlie","C/RW","MIN",82,18,38,26,12,56,"USA"
"686",6e+06,"94-05-16","Regina","CAN","CAN",71,184,2008,1,22,"R","Eberle","Jordan","RW/C","EDM",82,20,31,14,17,51,"CAN"
"687",2800000,"92-09-25","Burnaby","CAN","CAN",75,219,2007,1,5,"L","Alzner","Karl","D","WSH",82,3,10,5,5,13,"CAN"
"688",1e+06,"85-07-19","Schwenningen","DEU","DEU",72,198,2001,6,172,"L","Seidenberg","Dennis","D","NYI",73,5,17,5,12,22,"Others"
"689",925000,"00-10-09","Herisau","CHE","CHE",72,210,2015,1,9,"L","Meier","Timo","RW","S.J",34,3,3,2,1,6,"Others"
"690",918750,"96-12-22","Toronto","CAN","CAN",79,255,2011,1,14,"L","Oleksiak","Jamie","D","DAL",41,5,2,0,2,7,"CAN"
"691",6e+06,"89-10-13","Calgary","CAN","CAN",73,207,2004,1,29,"R","Green","Mike","D","DET",72,14,22,14,8,36,"CAN"
"692",650000,"98-12-21","LaSalle","CAN","CAN",74,212,2013,2,57,"L","Carrier","William","LW","BUF",41,5,3,1,2,8,"CAN"
"693",650000,"94-04-21","Abbotsford","CAN","CAN",75,212,2008,4,119,"L","Grant","Derek","C","BUF/NSH",46,0,4,2,2,4,"CAN"
"694",832500,"99-08-27","Pointe-Claire","CAN","CAN",71,185,2013,3,80,"L","Duclair","Anthony","LW/RW","ARI",58,5,10,6,4,15,"CAN"
"695",6500000,"90-06-09","Bojnice","SVK","SVK",72,198,2004,3,71,"L","Sekera","Andrej","D","EDM",80,8,27,13,14,35,"Others"
"697",775000,"95-01-28","Gothenburg","SWE","SWE",71,165,2010,5,132,"R","Heed","Tim","D","S.J",1,0,0,0,0,0,"Others"
"698",692500,"97-02-16","Westmont","USA","USA",72,189,2011,4,95,"R","Russo","Robbie","D","DET",19,0,0,0,0,0,"USA"
"699",692500,"99-03-21","Mississauga","CAN","CAN",76,230,2013,4,101,"L","Paul","Nick","LW/C","OTT",1,0,0,0,0,0,"CAN"
"700",1500000,"83-06-19","Flesherton","CAN","CAN",73,209,1998,6,161,"R","Neil","Chris","RW","OTT",53,1,3,1,2,4,"CAN"
"701",6e+05,"97-03-07","Herning","DNK","DNK",75,216,2011,1,29,"L","Jensen","Nicklas","RW/LW","NYR",7,0,0,0,0,0,"Others"
"702",5e+06,"92-11-21","New Canaan","USA","USA",74,215,2007,1,22,"L","Pacioretty","Max","LW","MTL",81,35,32,18,14,67,"USA"
"703",1250000,"97-10-13","Eau Claire","USA","USA",73,209,2012,2,44,"L","McCabe","Jake","D","BUF",76,3,17,10,7,20,"USA"
"704",6e+05,"93-07-26","Grosse Pointe Woods","USA","USA",72,185,2007,3,89,"R","Tropp","Corey","RW/LW","ANA",1,0,0,0,0,0,"USA"
"705",6e+05,"90-10-28","St. Louis","USA","USA",73,196,2005,4,96,"L","Butler","Chris","D","STL",1,0,0,0,0,0,"USA"
"706",832500,"98-09-17","Longueuil","CAN","CAN",77,221,2013,1,20,"L","Mantha","Anthony","RW","DET",60,17,19,6,13,36,"CAN"
"707",4083300,"98-08-23","Jyv_skyl_","FIN","FIN",74,206,2012,1,22,"L","Maatta","Olli","D","PIT",55,1,6,4,2,7,"Others"
"708",692500,"97-01-21","Dublin","USA","USA",74,205,2011,5,133,"L","Kuraly","Sean","C","BOS",8,0,1,0,0,1,"USA"
"709",850000,"95-05-10","Hamilton","CAN","CAN",75,219,2009,4,120,"L","Chiarot","Ben","D","WPG",59,2,10,4,6,12,"CAN"
"710",8e+05,"93-12-01","Mississauga","CAN","CAN",73,200,2008,2,37,"R","Goloubef","Cody","D","COL",33,0,5,2,3,5,"CAN"
"711",2750000,"97-03-15","East Palestine","USA","USA",73,206,2011,1,15,"L","Miller","J.T.","LW/RW/C","NYR",82,22,34,21,13,56,"USA"
"712",725000,"95-11-02","Minneapolis","USA","USA",74,202,2010,2,31,"R","Pitlick","Tyler","RW/C","EDM",31,8,3,2,1,11,"USA"
"713",867500,"98-07-20","Ajax","CAN","CAN",73,205,2012,2,61,"L","Shore","Devin","C","DAL",82,13,20,13,7,33,"CAN"
"715",3900000,"96-04-25","Scarborough","CAN","CAN",72,201,2010,2,47,"R","Toffoli","Tyler","C/RW/LW","L.A",63,16,18,9,9,34,"CAN"
"716",9e+05,"87-10-08","Fort McMurray","CAN","CAN",72,200,2002,1,6,"L","Upshall","Scottie","RW/LW","STL",73,10,8,6,2,18,"CAN"
"718",645000,"99-11-09","Kadan","CZE","CZE",72,180,2014,7,205,"R","Kase","Ondrej","RW","ANA",53,5,10,7,3,15,"Others"
"719",832500,"98-09-12","Helsinki","FIN","FIN",71,178,2012,1,18,"L","Teravainen","Teuvo","LW/C/RW","CAR",81,15,27,12,15,42,"Others"
"720",925000,"00-07-24","Kuopio","FIN","FIN",73,185,2014,1,22,"R","Kapanen","Kasperi","RW","TOR",8,1,0,0,0,1,"Others"
"721",4250000,"94-10-07","Landskrona","SWE","SWE",73,204,2009,1,24,"L","Johansson","Marcus","LW/C/RW","WSH",82,24,34,18,16,58,"Others"
"722",6500000,"98-10-13","Brampton","CAN","CAN",75,195,2013,1,6,"L","Monahan","Sean","C","CGY",82,27,31,15,16,58,"CAN"
"723",4900000,"89-06-22","Ottawa","CAN","CAN",75,220,2003,6,168,"L","Methot","Marc","D","OTT",68,0,12,5,7,12,"CAN"
"724",925000,"99-11-07","West Vancouver","CAN","CAN",73,193,2014,1,2,"R","Reinhart","Sam","C","BUF",79,17,30,23,7,47,"CAN"
"725",1100000,"95-03-03","Stockholm","SWE","SWE",72,190,2009,1,20,"L","Josefson","Jacob","C/LW","N.J",38,1,9,3,6,10,"Others"
"726",3500000,"94-07-04","Edina","USA","USA",75,228,2009,6,152,"L","Lee","Anders","LW/C","NYI",81,34,18,11,7,52,"USA"
"727",5e+06,"95-07-27","Victoria","CAN","CAN",70,190,2009,3,64,"R","Barrie","Tyson","D","COL",74,7,31,20,11,38,"CAN"
"728",5e+06,"94-10-07","London","CAN","CAN",72,195,2009,1,7,"L","Kadri","Nazem","C","TOR",82,32,29,15,14,61,"CAN"
"729",925000,"99-02-15","Chicago","USA","USA",75,223,2013,3,74,"R","Hayden","John","LW/RW/C","CHI",12,1,3,3,0,4,"USA"
"730",5375000,"89-07-31","Grand Rapids","USA","USA",71,185,2004,2,61,"L","Goligoski","Alex","D","ARI",82,6,30,14,16,36,"USA"
"732",650000,"96-03-05","Duluth","USA","USA",76,216,2010,1,15,"L","Forbort","Derek","D","L.A",82,2,16,6,10,18,"USA"
"733",575000,"95-03-13","Winkler","CAN","CAN",72,205,2009,4,119,"R","Froese","Byron","C","T.B/TOR",6,0,0,0,0,0,"CAN"
"734",832500,"98-08-14","Surrey","CAN","CAN",76,219,2012,3,63,"L","Khaira","Jujhar","LW","EDM",10,1,0,0,0,1,"CAN"
"735",9e+06,"92-01-13","Hearst","CAN","CAN",71,185,2006,1,22,"R","Giroux","Claude","C/RW","PHI",82,14,44,23,21,58,"CAN"
"737",575000,"98-06-24","Alma","CAN","CAN",70,195,2012,5,122,"L","Hudon","Charles","LW","MTL",3,0,2,1,1,2,"CAN"
"738",1900000,"89-01-23","Oakville","CAN","CAN",73,204,2003,5,158,"L","Mitchell","John","C","COL",65,3,4,1,3,7,"CAN"
"739",3800000,"97-05-06","Sundbyberg","SWE","SWE",74,201,2011,1,30,"R","Rakell","Rickard","C/RW","ANA",71,33,18,13,5,51,"Others"
"741",3750000,"94-02-24","Montreal","CAN","CAN",75,208,2008,2,55,"L","Scandella","Marco","D","MIN",71,4,9,4,5,13,"CAN"
"742",655000,"99-01-13","Hamilton","CAN","CAN",78,222,2013,4,108,"L","Harpur","Ben","D","OTT",6,0,0,0,0,0,"CAN"
"743",3700000,"92-06-03","V_sterës","SWE","SWE",76,223,2006,1,25,"L","Berglund","Patrik","C/LW","STL",82,23,11,7,4,34,"Others"
"744",9e+05,"97-01-25","Windsor","CAN","CAN",73,205,2011,1,24,"L","Puempel","Matt","LW","NYR/OTT",40,6,3,2,1,9,"CAN"
"745",1300000,"95-08-22","Lethbridge","CAN","CAN",74,210,2010,6,162,"L","Davidson","Brandon","D","EDM/MTL",38,0,3,2,1,3,"CAN"
"746",4250000,"93-02-15","Huntington","USA","CAN",75,191,2007,1,11,"R","Sutter","Brandon","C","VAN",81,17,17,7,10,34,"CAN"
"747",1250000,"95-01-14","Ayr","CAN","CAN",74,211,2009,2,35,"L","Clifford","Kyle","LW/C","L.A",73,6,6,6,0,12,"CAN"
"748",750000,"95-07-07","Katrineholm","SWE","SWE",75,207,2011,3,79,"L","Dahlbeck","Klas","D","CAR",43,2,4,2,2,6,"Others"
"749",6750000,"97-08-14","Salem","USA","USA",69,157,2011,4,104,"L","Gaudreau","Johnny","LW","CGY",72,18,43,30,13,61,"USA"
"750",5500000,"95-07-21","Belleville","CAN","CAN",71,179,2011,5,139,"R","Shaw","Andrew","C/LW/RW","MTL",68,12,17,7,10,29,"CAN"
"752",5500000,"96-11-24","Stockholm","SWE","SWE",73,215,2011,1,2,"L","Landeskog","Gabriel","LW","COL",72,18,15,7,8,33,"Others"
"753",925000,"97-02-09","Anaheim","USA","USA",66,180,2011,2,33,"R","Grimaldi","Rocco","C","COL",4,0,1,1,0,1,"USA"
"754",575000,"91-09-29","Rome","USA","USA",77,228,2006,3,85,"L","Sestito","Tom","LW","PIT",13,0,2,1,1,2,"USA"
"755",8e+05,"94-10-02","Montreal","CAN","CAN",76,208,2009,2,38,"R","Chiasson","Alex","RW","CGY",81,12,12,5,7,24,"CAN"
"757",832500,"99-08-04","Langley","CAN","CAN",74,195,2013,1,26,"L","Theodore","Shea","D","ANA",34,2,7,6,1,9,"CAN"
"758",742500,"00-01-22","Stockholm","SWE","SWE",75,189,2014,2,40,"L","Englund","Andreas","D","OTT",5,0,0,0,0,0,"Others"
"759",1250000,"90-08-07","Trenton","USA","USA",71,188,2006,7,211,"R","Condra","Erik","RW","T.B",13,0,0,0,0,0,"USA"
"760",9e+05,"95-08-21","Tampere","FIN","FIN",75,215,2011,7,195,"L","Jokipakka","Jyrki","D","CGY/OTT",41,1,5,1,4,6,"Others"
"761",5750000,"88-11-06","Nordingra","SWE","SWE",70,180,2003,8,239,"L","Enstrom","Tobias","D","WPG",60,1,13,7,6,14,"Others"
"762",742500,"00-08-13","Orsk","RUS","RUS",74,194,2014,2,42,"L","Kamenev","Vladislav","LW/C","NSH",2,0,0,0,0,0,"Others"
"763",5e+06,"93-05-05","Middletown","USA","USA",75,210,2007,1,2,"L","van Riemsdyk","James","LW","TOR",82,29,33,17,16,62,"USA"
"765",7e+05,"98-07-02","Keswick","CAN","CAN",73,195,2012,2,55,"L","Tierney","Chris","C","S.J",80,11,12,8,4,23,"CAN"
"766",6e+06,"95-01-17","Haliburton","CAN","CAN",71,195,2009,1,3,"L","Duchene","Matt","C/LW","COL",77,18,23,14,9,41,"CAN"
"767",2e+06,"97-01-11","Landshut","DEU","DEU",71,185,2011,4,114,"L","Rieder","Tobias","RW/C","ARI",80,16,18,8,10,34,"Others"
"768",725000,"95-08-26","Loviisa","FIN","FIN",73,209,2011,7,184,"R","Pakarinen","Iiro","RW","EDM",14,2,2,1,1,4,"Others"
"769",725000,"97-04-21","Newmarket","CAN","CAN",76,211,2013,3,81,"R","Gabriel","Kurtis","RW","MIN",13,0,1,0,1,1,"CAN"
"770",2e+06,"97-07-12","Mississauga","CAN","CAN",73,199,2011,1,5,"R","Strome","Ryan","RW/C","NYI",69,13,17,10,7,30,"CAN"
"771",9e+05,"96-06-10","Toronto","CAN","CAN",73,210,2010,5,123,"R","Hyman","Zach","C/RW/LW","TOR",82,10,18,12,6,28,"CAN"
"773",5e+06,"85-12-28","Winnipeg","CAN","CAN",73,200,2001,3,95,"R","Sharp","Patrick","LW/RW/C","DAL",48,8,10,4,6,18,"CAN"
"774",950000,"96-12-29","Kosice","SVK","SVK",74,188,2011,2,35,"L","Jurco","Tomas","LW/RW","CHI/DET",29,1,0,0,0,1,"Others"
"775",7500000,"90-09-10","Boston","USA","USA",73,196,2005,4,105,"L","Yandle","Keith","D","FLA",82,5,36,19,17,41,"USA"
"776",925000,"01-01-14","Richmond Hill","CAN","CAN",73,200,2015,1,1,"L","McDavid","Connor","C","EDM",82,30,70,44,26,100,"CAN"
"777",2200000,"94-03-26","Provost","CAN","CAN",74,208,2008,3,78,"L","Bouma","Lance","C/LW/RW","CGY",61,3,4,1,3,7,"CAN"
"778",590000,"96-01-22","Landshut","DEU","DEU",74,196,2010,4,110,"L","Kuhnhackl","Tom","RW","PIT",57,4,12,7,5,16,"Others"
"779",1700000,"88-10-06","Anchorage","USA","USA",72,212,2003,6,183,"L","Thompson","Nate","C","ANA",30,1,1,0,1,2,"USA"
"780",925000,"98-05-14","Penza","RUS","RUS",74,218,2013,3,88,"R","Slepyshev","Anton","LW","EDM",41,4,6,3,3,10,"Others"
"782",5e+06,"86-06-09","Toronto","CAN","CAN",69,185,2001,2,49,"L","Cammalleri","Mike","LW/C","N.J",61,10,21,14,7,31,"CAN"
"783",6e+05,"95-09-06","Laval","CAN","CAN",77,200,2011,3,90,"R","Grenier","Alex","RW","VAN",3,0,0,0,0,0,"CAN"
"784",4e+06,"94-02-02","Houston","USA","CAN",80,229,2008,1,12,"R","Myers","Tyler","D","WPG",11,2,3,0,3,5,"CAN"
"785",6e+05,"97-05-02","London","CAN","CAN",73,195,2011,6,179,"R","Demelo","Dylan","D","S.J",25,1,7,5,2,8,"CAN"
"786",1600000,"95-01-22","Davidson","CAN","CAN",76,212,2009,3,66,"L","McNabb","Brayden","D","L.A",49,2,2,0,2,4,"CAN"
"787",925000,"00-12-10","Shelby Twp.","USA","USA",73,182,2015,1,17,"L","Connor","Kyle","LW","WPG",20,2,3,1,2,5,"USA"
"788",8e+06,"94-06-19","Hastings","USA","USA",72,196,2008,2,51,"R","Stepan","Derek","C","NYR",81,17,38,24,14,55,"USA"
"789",8e+06,"89-03-28","Roseau","USA","USA",77,260,2003,8,245,"R","Byfuglien","Dustin","D/RW","WPG",80,13,39,20,19,52,"USA"
"790",625000,"96-05-01","Morristown","USA","USA",72,202,2010,5,140,"L","Agostino","Kenny","LW","STL",7,1,2,2,0,3,"USA"
"791",925000,"93-02-23","Red Deer","CAN","CAN",75,195,2007,7,205,"R","Postma","Paul","D","WPG",65,1,13,7,6,14,"CAN"
"793",4e+06,"97-06-05","Saint-Jerome","CAN","CAN",73,188,2011,1,3,"L","Huberdeau","Jonathan","LW/C","FLA",31,10,16,9,7,26,"CAN"
"794",812500,"96-01-03","Vantaa","FIN","FIN",70,185,2010,4,111,"R","Pulkkinen","Teemu","LW","ARI/MIN",13,2,0,0,0,2,"Others"
"795",8e+05,"97-08-14","Gaspe","CAN","CAN",73,198,2012,4,101,"L","Paquette","Cedric","C/LW","T.B",58,4,6,3,3,10,"CAN"
"796",925000,"97-07-07","Massapequa","USA","USA",76,207,2011,5,151,"L","O'Gara","Rob","D","BOS",3,0,0,0,0,0,"USA"
"797",3e+06,"90-03-16","RËdovre","DNK","DNK",73,194,2004,9,287,"R","Hansen","Jannik","RW","S.J/VAN",43,8,12,10,2,20,"Others"
"798",2250000,"89-02-05","Belleville","CAN","CAN",72,197,2003,5,163,"L","Richardson","Brad","RW/C","ARI",16,5,4,1,3,9,"CAN"
"799",2500000,"94-01-31","Calgary","CAN","CAN",77,221,2008,1,16,"L","Colborne","Joe","C/LW/RW","COL",62,4,4,4,0,8,"CAN"
"800",2500000,"98-02-27","Rochester","USA","USA",75,202,2012,1,9,"R","Trouba","Jacob","D","WPG",60,8,25,10,15,33,"USA"
"801",4250000,"88-03-03","Karlskrona","SWE","SWE",76,220,2002,9,291,"L","Ericsson","Jonathan","D","DET",51,1,8,4,4,9,"Others"
"802",635000,"97-06-17","Bobcaygeon","CAN","CAN",76,230,2012,7,193,"L","Austin","Brady","D","BUF",5,0,0,0,0,0,"CAN"
"803",3350000,"96-07-18","Minneapolis","USA","USA",78,218,2010,1,19,"R","Bjugstad","Nick","C","FLA",54,7,7,3,4,14,"USA"
"804",2650000,"91-08-09","Sicamous","CAN","CAN",77,224,2005,3,79,"R","Franson","Cody","D","BUF",68,3,16,6,10,19,"CAN"
"805",640000,"01-01-19","Olten","CHE","CHE",69,177,2015,4,102,"R","Malgin","Denis","C","FLA",47,6,4,1,3,10,"Others"
"806",6e+05,"97-01-14","Mississauga","CAN","CAN",76,211,2011,2,55,"R","Sproul","Ryan","D","DET",27,1,6,4,2,7,"CAN"
"807",4500000,"86-12-14","Smithers","CAN","CAN",73,200,2001,1,12,"L","Hamhuis","Dan","D","DAL",79,1,15,7,8,16,"CAN"
"808",2e+06,"87-07-20","Izhevsk","RUS","RUS",74,221,2001,2,40,"L","Tyutin","Fedor","D","COL",69,1,12,1,11,13,"Others"
"809",1250000,"94-03-14","Kingsville","CAN","CAN",75,229,2010,6,154,"R","Prout","Dalton","D","CBJ/N.J",29,0,6,2,4,6,"CAN"
"810",6e+05,"95-08-18","Whittier","USA","USA",72,190,2009,6,180,"R","Callahan","Mitch","RW","DET",4,0,0,0,0,0,"USA"
"811",742500,"00-10-28","Malm_","SWE","SWE",73,214,2015,2,53,"R","Andersson","Rasmus","D","CGY",1,0,0,0,0,0,"Others"
"812",575000,"96-08-28","Gallivare","SWE","SWE",75,200,2010,4,116,"R","Granberg","Petter","D","NSH",10,0,0,0,0,0,"Others"
"813",2e+06,"89-09-08","Winkler","CAN","CAN",76,212,2003,1,18,"R","Fehr","Eric","C/RW","PIT/TOR",53,6,5,3,2,11,"CAN"
"814",6e+06,"97-04-13","Burnaby","CAN","CAN",72,196,2011,1,1,"L","Nugent-Hopkins","Ryan","C","EDM",82,18,25,14,11,43,"CAN"
"815",925000,"98-12-02","Boras","SWE","SWE",75,195,2013,2,46,"L","Olofsson","Gustav","D","MIN",13,0,3,0,3,3,"Others"
"816",9250000,"89-05-11","Regina","CAN","CAN",76,221,2003,1,19,"R","Getzlaf","Ryan","C","ANA",74,15,58,38,20,73,"CAN"
"817",875000,"95-02-08","Martin","SVK","SVK",73,208,2009,2,52,"L","Panik","Richard","RW/LW","CHI",82,22,22,12,9,44,"Others"
"818",9500000,"94-02-08","Markham","CAN","CAN",73,194,2008,1,1,"R","Stamkos","Steven","C","T.B",17,9,11,9,2,20,"CAN"
"819",3750000,"85-10-02","Stockholm","SWE","SWE",72,195,2001,7,221,"L","Oduya","Johnny","D","CHI/DAL",52,2,7,3,4,9,"Others"
"820",832500,"99-03-08","Grosse Pointe","USA","USA",78,231,2013,1,25,"R","McCarron","Michael","RW/C","MTL",31,1,4,3,1,5,"USA"
"821",6e+06,"91-01-14","Thunder Bay","CAN","CAN",76,209,2005,1,12,"L","Staal","Marc","D","NYR",72,3,7,4,3,10,"CAN"
"822",7500000,"84-10-10","Njurunda","SWE","SWE",72,197,1999,7,210,"L","Zetterberg","Henrik","LW/C","DET",82,17,51,35,16,68,"Others"
"823",1e+06,"88-05-26","St. Paul","CAN","CAN",74,212,2003,7,214,"R","Brodziak","Kyle","C","STL",69,8,7,3,4,15,"CAN"
"824",925000,"97-06-20","Ham Lake","USA","USA",73,218,2013,5,148,"L","Brodzinski","Jonny","C","L.A",6,0,2,1,1,2,"USA"
"825",925000,"99-10-08","Moscow","RUS","RUS",71,185,2014,1,27,"L","Goldobin","Nikolay","RW/LW","S.J/VAN",14,3,0,0,0,3,"Others"
"826",650000,"94-09-30","Lakeville","USA","USA",69,184,2009,1,22,"R","Schroeder","Jordan","C/RW","MIN",37,6,7,4,3,13,"USA"
"829",4e+06,"88-12-08","Jindrichuv Hradec","CZE","CZE",74,225,2003,1,6,"L","Michalek","Milan","LW/RW","TOR",5,1,1,0,1,2,"Others"
"831",1e+06,"88-05-02","Calgary","CAN","USA",72,200,2003,1,29,"R","Eaves","Patrick","RW/LW","ANA/DAL",79,32,19,8,11,51,"USA"
"832",650000,"92-10-12","Snowflake","CAN","CAN",77,222,2007,4,110,"L","Falk","Justin","D","BUF",52,0,8,2,6,8,"CAN"
"834",6e+06,"95-07-18","Karlskrona","SWE","SWE",74,200,2009,1,6,"L","Ekman-Larsson","Oliver","D","ARI",79,12,27,9,18,39,"Others"
"835",6500000,"89-05-14","Winnipeg","CAN","CAN",74,185,2004,1,20,"R","Zajac","Travis","C","N.J",80,14,31,21,10,45,"CAN"
"836",850000,"96-05-03","Campbell River","CAN","CAN",75,194,2010,1,6,"R","Connolly","Brett","RW/LW","WSH",66,15,8,7,1,23,"CAN"
"838",1.1e+07,"95-02-08","Clinton","CAN","CAN",73,210,2009,2,33,"L","O'Reilly","Ryan","C/LW/RW","BUF",72,20,35,21,14,55,"CAN"
"839",675000,"99-09-06","Umea","SWE","SWE",72,176,2014,4,97,"L","Wallmark","Lucas","C","CAR",8,0,2,0,2,2,"Others"
"840",832500,"98-10-07","Dauphin","CAN","CAN",74,215,2013,1,15,"R","Pulock","Ryan","D","NYI",1,0,0,0,0,0,"CAN"
"841",925000,"99-02-09","Uppsala","SWE","SWE",74,204,2013,2,41,"L","Hagg","Robert","D","PHI",1,0,0,0,0,0,"Others"
"842",925000,"98-09-14","Hamilton","CAN","CAN",76,202,2012,1,21,"L","Jankowski","Mark","C","CGY",1,0,0,0,0,0,"CAN"
"843",2e+06,"83-05-03","Edmonton","CAN","CAN",75,216,1997,5,121,"L","Chimera","Jason","LW/RW","NYI",82,20,13,7,6,33,"CAN"
"844",1100000,"95-04-11","Toronto","CAN","CAN",72,186,2009,2,59,"L","Pirri","Brandon","RW/LW/C","NYR",60,8,10,6,4,18,"CAN"
"845",4500000,"90-12-24","Everett","USA","USA",72,189,2005,1,24,"R","Oshie","T.J.","RW/C","WSH",68,33,23,16,7,56,"USA"
"846",2125000,"92-02-20","Mississauga","CAN","CAN",76,231,2006,2,47,"L","Matthias","Shawn","LW/C","WPG",45,8,4,3,1,12,"CAN"
"847",2500000,"95-02-28","Toronto","CAN","CAN",71,201,2009,4,92,"L","Cizikas","Casey","C","NYI",59,8,17,13,4,25,"CAN"
"848",2350000,"92-04-06","Maple Creek","CAN","CAN",74,208,2008,3,79,"L","Smith","Zack","C","OTT",74,16,16,8,8,32,"CAN"
"849",725000,"90-12-16","Toronto","CAN","CAN",76,217,2005,2,43,"R","Blunden","Mike","RW","OTT",2,0,0,0,0,0,"CAN"
"850",650000,"93-08-11","London","CAN","CAN",71,200,2007,1,6,"R","Gagner","Sam","C/RW","CBJ",81,18,32,21,11,50,"CAN"
"852",742500,"98-04-06","Fribourg","CHE","CHE",70,186,2012,6,158,"R","Bertschy","Christoph","C","MIN",5,0,1,0,1,1,"Others"
"853",925000,"00-06-01","Stratford","CAN","CAN",73,198,2014,1,24,"L","McCann","Jared","C","FLA",29,1,6,6,0,7,"CAN"
"854",6e+06,"90-04-22","Ostersund","SWE","SWE",75,214,2004,3,91,"L","Edler","Alex","D","VAN",68,6,15,7,8,21,"Others"
"855",7e+06,"84-09-27","Ornskoldsvik","SWE","SWE",74,183,1999,1,3,"L","Sedin","Henrik","C","VAN",82,15,35,13,22,50,"Others"
"856",925000,"00-05-13","Massapequa","USA","USA",74,197,2014,1,16,"L","Milano","Sonny","LW","CBJ",4,0,0,0,0,0,"USA"
"857",925000,"96-04-14","Raahe","FIN","FIN",72,190,2010,4,99,"R","Donskoi","Joonas","RW","S.J",61,6,11,5,6,17,"Others"
"858",650000,"96-01-22","Winnipeg","CAN","CAN",74,189,2010,1,25,"L","Howden","Quinton","C/LW/C","WPG",5,0,0,0,0,0,"CAN"
"859",6e+05,"95-12-07","Richmond Hill","CAN","CAN",77,214,2010,3,87,"L","Melchiori","Julian","D","WPG",18,0,2,1,1,2,"CAN"
"860",767500,"00-06-13","Linkoping","SWE","SWE",72,186,2014,5,126,"L","Forsling","Gustav","D","CHI",38,2,3,2,1,5,"Others"
"861",650000,"96-04-16","North Vancouver","CAN","CAN",70,179,2010,3,70,"R","Weal","Jordan","C/LW","PHI",23,8,4,2,2,12,"CAN"
"862",1e+07,"89-05-17","Peterborough","CAN","CAN",75,210,2003,1,28,"R","Perry","Corey","RW","ANA",82,19,34,21,13,53,"CAN"
"863",6e+05,"95-09-03","Regina","CAN","CAN",71,198,2009,6,175,"R","Mitchell","Garrett","RW","WSH",1,0,0,0,0,0,"CAN"
"864",8e+05,"95-09-07","Biddeford","USA","USA",76,207,2009,2,51,"L","Dumoulin","Brian","D","PIT",70,1,14,7,7,15,"USA"
"865",575000,"98-08-07","London","CAN","CAN",74,188,2012,4,110,"L","Athanasiou","Andreas","C","DET",64,18,11,5,6,29,"CAN"
"866",925000,"01-01-26","Boston","USA","USA",75,206,2015,1,5,"L","Hanifin","Noah","D","CAR",81,4,25,16,9,29,"USA"
"867",832500,"99-03-03","Winnipeg","CAN","CAN",70,198,2013,1,12,"L","Domi","Max","LW/C","ARI",59,9,29,19,10,38,"CAN"
"868",1e+06,"80-11-03","Virginia","USA","USA",73,200,1996,2,35,"L","Cullen","Matt","C/LW","PIT",72,13,18,10,8,31,"USA"
"869",8e+06,"89-07-18","Gothenburg","SWE","SWE",74,196,2003,2,33,"L","Eriksson","Loui","LW/C","VAN",65,11,13,10,3,24,"Others"
"870",632500,"97-03-11","Kingston","CAN","CAN",74,219,2011,2,54,"L","Harrington","Scott","D","CBJ",22,1,2,0,2,3,"CAN"
"871",6e+05,"95-01-30","Denver","USA","USA",75,205,2009,2,44,"R","Shore","Drew","C","VAN",14,0,2,2,0,2,"USA"
"872",5500000,"97-06-18","Toronto","CAN","CAN",78,210,2011,1,9,"R","Hamilton","Dougie","D","CGY",81,13,37,17,20,50,"CAN"
"873",832500,"98-09-21","Hilton Head Isl.","USA","USA",72,181,2013,1,30,"R","Hartman","Ryan","LW/RW","CHI",76,19,12,8,4,31,"USA"
"874",7e+06,"91-03-18","Cherry Hill","USA","USA",74,204,2005,1,2,"R","Ryan","Bobby","RW/LW","OTT",62,13,12,8,4,25,"USA"
